object_type,schema,object_name,owner,relevant_status
BASE TABLE,public,audit_logs,postgres,Standard Base Table
BASE TABLE,public,booking_cancellations,postgres,Standard Base Table
BASE TABLE,public,booking_items,postgres,Standard Base Table
BASE TABLE,public,booking_passengers,postgres,Standard Base Table
BASE TABLE,public,booking_reschedules,postgres,Standard Base Table
BASE TABLE,public,booking_seats,postgres,Standard Base Table
BASE TABLE,public,booking_status_history,postgres,Standard Base Table
BASE TABLE,public,bookings,postgres,Standard Base Table
BASE TABLE,public,coupon_redemptions,postgres,Standard Base Table
BASE TABLE,public,coupons,postgres,Standard Base Table
BASE TABLE,public,discounts,postgres,Standard Base Table
BASE TABLE,public,driver_assignments,postgres,Standard Base Table
BASE TABLE,public,driver_availability,postgres,Standard Base Table
BASE TABLE,public,driver_document_types,postgres,Standard Base Table
BASE TABLE,public,driver_documents,postgres,Standard Base Table
BASE TABLE,public,driver_emergency_contacts,postgres,Standard Base Table
BASE TABLE,public,driver_safety_events,postgres,Standard Base Table
BASE TABLE,public,driver_status_history,postgres,Standard Base Table
BASE TABLE,public,driver_verifications,postgres,Standard Base Table
BASE TABLE,public,drivers,postgres,Standard Base Table
BASE TABLE,public,email_verification_tokens,postgres,Standard Base Table
BASE TABLE,public,emergency_contacts,postgres,Standard Base Table
BASE TABLE,public,emergency_events,postgres,Standard Base Table
BASE TABLE,public,fare_prices,postgres,Standard Base Table
BASE TABLE,public,fare_products,postgres,Standard Base Table
BASE TABLE,public,fare_rules,postgres,Standard Base Table
BASE TABLE,public,feature_flags,postgres,Standard Base Table
BASE TABLE,public,file_attachments,postgres,Standard Base Table
BASE TABLE,public,geofence_events,postgres,Standard Base Table
BASE TABLE,public,geofences,postgres,Standard Base Table
BASE TABLE,public,incident_actions,postgres,Standard Base Table
BASE TABLE,public,incident_reports,postgres,Standard Base Table
BASE TABLE,public,incident_severity_levels,postgres,Standard Base Table
BASE TABLE,public,incident_types,postgres,Standard Base Table
BASE TABLE,public,incidents,postgres,Standard Base Table
BASE TABLE,public,invoice_items,postgres,Standard Base Table
BASE TABLE,public,invoices,postgres,Standard Base Table
BASE TABLE,public,login_attempts,postgres,Standard Base Table
BASE TABLE,public,lost_found_items,postgres,Standard Base Table
BASE TABLE,public,lost_found_reports,postgres,Standard Base Table
BASE TABLE,public,lost_found_status_history,postgres,Standard Base Table
BASE TABLE,public,maintenance_items,postgres,Standard Base Table
BASE TABLE,public,maintenance_parts,postgres,Standard Base Table
BASE TABLE,public,maintenance_records,postgres,Standard Base Table
BASE TABLE,public,maintenance_schedules,postgres,Standard Base Table
BASE TABLE,public,notification_deliveries,postgres,Standard Base Table
BASE TABLE,public,notification_preferences,postgres,Standard Base Table
BASE TABLE,public,notification_templates,postgres,Standard Base Table
BASE TABLE,public,notifications,postgres,Standard Base Table
BASE TABLE,public,passenger_profiles,postgres,Standard Base Table
BASE TABLE,public,password_reset_tokens,postgres,Standard Base Table
BASE TABLE,public,payment_attempts,postgres,Standard Base Table
BASE TABLE,public,payment_events,postgres,Standard Base Table
BASE TABLE,public,payment_methods,postgres,Standard Base Table
BASE TABLE,public,payment_transactions,postgres,Standard Base Table
BASE TABLE,public,payments,postgres,Standard Base Table
BASE TABLE,public,permissions,postgres,Standard Base Table
BASE TABLE,public,refund_transactions,postgres,Standard Base Table
BASE TABLE,public,refunds,postgres,Standard Base Table
BASE TABLE,public,review_categories,postgres,Standard Base Table
BASE TABLE,public,review_responses,postgres,Standard Base Table
BASE TABLE,public,reviews,postgres,Standard Base Table
BASE TABLE,public,role_permissions,postgres,Standard Base Table
BASE TABLE,public,roles,postgres,Standard Base Table
BASE TABLE,public,route_stops,postgres,Standard Base Table
BASE TABLE,public,route_versions,postgres,Standard Base Table
BASE TABLE,public,routes,postgres,Standard Base Table
BASE TABLE,public,schedule_stops,postgres,Standard Base Table
BASE TABLE,public,schema_migrations,postgres,Standard Base Table
BASE TABLE,public,seat_layouts,postgres,Standard Base Table
BASE TABLE,public,seats,postgres,Standard Base Table
BASE TABLE,public,security_events,postgres,Standard Base Table
BASE TABLE,public,service_calendar_exceptions,postgres,Standard Base Table
BASE TABLE,public,service_calendars,postgres,Standard Base Table
BASE TABLE,public,stops,postgres,Standard Base Table
BASE TABLE,public,support_ticket_attachments,postgres,Standard Base Table
BASE TABLE,public,support_ticket_messages,postgres,Standard Base Table
BASE TABLE,public,support_ticket_status_history,postgres,Standard Base Table
BASE TABLE,public,support_tickets,postgres,Standard Base Table
BASE TABLE,public,system_settings,postgres,Standard Base Table
BASE TABLE,public,tracking_devices,postgres,Standard Base Table
BASE TABLE,public,tracking_events,postgres,Standard Base Table
BASE TABLE,public,trip_assignments,postgres,Standard Base Table
BASE TABLE,public,trip_events,postgres,Standard Base Table
BASE TABLE,public,trip_fares,postgres,Standard Base Table
BASE TABLE,public,trip_schedules,postgres,Standard Base Table
BASE TABLE,public,trip_status_history,postgres,Standard Base Table
BASE TABLE,public,trip_stops,postgres,Standard Base Table
BASE TABLE,public,trips,postgres,Standard Base Table
BASE TABLE,public,user_addresses,postgres,Standard Base Table
BASE TABLE,public,user_preferences,postgres,Standard Base Table
BASE TABLE,public,user_roles,postgres,Standard Base Table
BASE TABLE,public,user_sessions,postgres,Standard Base Table
BASE TABLE,public,users,postgres,Standard Base Table
BASE TABLE,public,vehicle_assignments,postgres,Standard Base Table
BASE TABLE,public,vehicle_documents,postgres,Standard Base Table
BASE TABLE,public,vehicle_inspection_issues,postgres,Standard Base Table
BASE TABLE,public,vehicle_inspection_items,postgres,Standard Base Table
BASE TABLE,public,vehicle_inspections,postgres,Standard Base Table
BASE TABLE,public,vehicle_manufacturers,postgres,Standard Base Table
BASE TABLE,public,vehicle_models,postgres,Standard Base Table
BASE TABLE,public,vehicle_status_history,postgres,Standard Base Table
BASE TABLE,public,vehicle_types,postgres,Standard Base Table
BASE TABLE,public,vehicles,postgres,Standard Base Table
PARTITIONED TABLE,public,vehicle_location_history,postgres,Declarative Range Partition Parent
TABLE PARTITION,public,vehicle_location_history_default,postgres,Attached Child Partition
TABLE PARTITION,public,vehicle_location_history_y2026m09,postgres,Attached Child Partition
TABLE PARTITION,public,vehicle_location_history_y2026m10,postgres,Attached Child Partition
TABLE PARTITION,public,vehicle_location_history_y2026m11,postgres,Attached Child Partition
VIEW,public,vw_active_vehicle_locations,postgres,Active View
VIEW,public,vw_available_trip_seats,postgres,Active View
VIEW,public,vw_booking_summary,postgres,Active View
VIEW,public,vw_driver_trip_summary,postgres,Active View
VIEW,public,vw_payment_summary,postgres,Active View
VIEW,public,vw_route_schedule_summary,postgres,Active View
VIEW,public,vw_trip_current_status,postgres,Active View
VIEW,public,vw_vehicle_health_summary,postgres,Active View
AGGREGATE,public,max(citext),postgres,Extension Provided (citext)
AGGREGATE,public,min(citext),postgres,Extension Provided (citext)
FUNCTION,public,armor(bytea),postgres,Extension Provided (pgcrypto)
FUNCTION,public,"armor(bytea, text[], text[])",postgres,Extension Provided (pgcrypto)
FUNCTION,public,"cash_dist(money, money)",postgres,Extension Provided (btree_gist)
FUNCTION,public,citext(boolean),postgres,Extension Provided (citext)
FUNCTION,public,citext(inet),postgres,Extension Provided (citext)
FUNCTION,public,citext(character),postgres,Extension Provided (citext)
FUNCTION,public,"citext_cmp(citext, citext)",postgres,Extension Provided (citext)
FUNCTION,public,"citext_eq(citext, citext)",postgres,Extension Provided (citext)
FUNCTION,public,"citext_ge(citext, citext)",postgres,Extension Provided (citext)
FUNCTION,public,"citext_gt(citext, citext)",postgres,Extension Provided (citext)
FUNCTION,public,citext_hash(citext),postgres,Extension Provided (citext)
FUNCTION,public,"citext_hash_extended(citext, bigint)",postgres,Extension Provided (citext)
FUNCTION,public,"citext_larger(citext, citext)",postgres,Extension Provided (citext)
FUNCTION,public,"citext_le(citext, citext)",postgres,Extension Provided (citext)
FUNCTION,public,"citext_lt(citext, citext)",postgres,Extension Provided (citext)
FUNCTION,public,"citext_ne(citext, citext)",postgres,Extension Provided (citext)
FUNCTION,public,"citext_pattern_cmp(citext, citext)",postgres,Extension Provided (citext)
FUNCTION,public,"citext_pattern_ge(citext, citext)",postgres,Extension Provided (citext)
FUNCTION,public,"citext_pattern_gt(citext, citext)",postgres,Extension Provided (citext)
FUNCTION,public,"citext_pattern_le(citext, citext)",postgres,Extension Provided (citext)
FUNCTION,public,"citext_pattern_lt(citext, citext)",postgres,Extension Provided (citext)
FUNCTION,public,"citext_smaller(citext, citext)",postgres,Extension Provided (citext)
FUNCTION,public,citextin(cstring),postgres,Extension Provided (citext)
FUNCTION,public,citextout(citext),postgres,Extension Provided (citext)
FUNCTION,public,citextrecv(internal),postgres,Extension Provided (citext)
FUNCTION,public,citextsend(citext),postgres,Extension Provided (citext)
FUNCTION,public,"crypt(text, text)",postgres,Extension Provided (pgcrypto)
FUNCTION,public,"date_dist(date, date)",postgres,Extension Provided (btree_gist)
FUNCTION,public,dearmor(text),postgres,Extension Provided (pgcrypto)
FUNCTION,public,"decrypt(bytea, bytea, text)",postgres,Extension Provided (pgcrypto)
FUNCTION,public,"decrypt_iv(bytea, bytea, bytea, text)",postgres,Extension Provided (pgcrypto)
FUNCTION,public,"digest(bytea, text)",postgres,Extension Provided (pgcrypto)
FUNCTION,public,"digest(text, text)",postgres,Extension Provided (pgcrypto)
FUNCTION,public,"encrypt(bytea, bytea, text)",postgres,Extension Provided (pgcrypto)
FUNCTION,public,"encrypt_iv(bytea, bytea, bytea, text)",postgres,Extension Provided (pgcrypto)
FUNCTION,public,"float4_dist(real, real)",postgres,Extension Provided (btree_gist)
FUNCTION,public,"float8_dist(double precision, double precision)",postgres,Extension Provided (btree_gist)
FUNCTION,public,fn_calculate_trip_available_seats(p_trip_id uuid),postgres,Movana Application Function
FUNCTION,public,fn_generate_booking_reference(),postgres,Movana Application Function
FUNCTION,public,fn_generate_invoice_number(),postgres,Movana Application Function
FUNCTION,public,fn_log_booking_status_transition(),postgres,Movana Application Function
FUNCTION,public,fn_log_trip_status_transition(),postgres,Movana Application Function
FUNCTION,public,fn_record_audit_log(),postgres,Movana Application Function
FUNCTION,public,fn_set_updated_at(),postgres,Movana Application Function
FUNCTION,public,gbt_bit_compress(internal),postgres,Extension Provided (btree_gist)
FUNCTION,public,"gbt_bit_consistent(internal, bit, smallint, oid, internal)",postgres,Extension Provided (btree_gist)
FUNCTION,public,"gbt_bit_penalty(internal, internal, internal)",postgres,Extension Provided (btree_gist)
FUNCTION,public,"gbt_bit_picksplit(internal, internal)",postgres,Extension Provided (btree_gist)
FUNCTION,public,"gbt_bit_same(gbtreekey_var, gbtreekey_var, internal)",postgres,Extension Provided (btree_gist)
FUNCTION,public,"gbt_bit_union(internal, internal)",postgres,Extension Provided (btree_gist)
FUNCTION,public,gbt_bool_compress(internal),postgres,Extension Provided (btree_gist)
FUNCTION,public,"gbt_bool_consistent(internal, boolean, smallint, oid, internal)",postgres,Extension Provided (btree_gist)
FUNCTION,public,gbt_bool_fetch(internal),postgres,Extension Provided (btree_gist)
FUNCTION,public,"gbt_bool_penalty(internal, internal, internal)",postgres,Extension Provided (btree_gist)
FUNCTION,public,"gbt_bool_picksplit(internal, internal)",postgres,Extension Provided (btree_gist)
FUNCTION,public,"gbt_bool_same(gbtreekey2, gbtreekey2, internal)",postgres,Extension Provided (btree_gist)
FUNCTION,public,"gbt_bool_union(internal, internal)",postgres,Extension Provided (btree_gist)
FUNCTION,public,gbt_bpchar_compress(internal),postgres,Extension Provided (btree_gist)
FUNCTION,public,"gbt_bpchar_consistent(internal, character, smallint, oid, internal)",postgres,Extension Provided (btree_gist)
FUNCTION,public,gbt_bytea_compress(internal),postgres,Extension Provided (btree_gist)
FUNCTION,public,"gbt_bytea_consistent(internal, bytea, smallint, oid, internal)",postgres,Extension Provided (btree_gist)
FUNCTION,public,"gbt_bytea_penalty(internal, internal, internal)",postgres,Extension Provided (btree_gist)
FUNCTION,public,"gbt_bytea_picksplit(internal, internal)",postgres,Extension Provided (btree_gist)
FUNCTION,public,"gbt_bytea_same(gbtreekey_var, gbtreekey_var, internal)",postgres,Extension Provided (btree_gist)
FUNCTION,public,"gbt_bytea_union(internal, internal)",postgres,Extension Provided (btree_gist)
FUNCTION,public,gbt_cash_compress(internal),postgres,Extension Provided (btree_gist)
FUNCTION,public,"gbt_cash_consistent(internal, money, smallint, oid, internal)",postgres,Extension Provided (btree_gist)
FUNCTION,public,"gbt_cash_distance(internal, money, smallint, oid, internal)",postgres,Extension Provided (btree_gist)
FUNCTION,public,gbt_cash_fetch(internal),postgres,Extension Provided (btree_gist)
FUNCTION,public,"gbt_cash_penalty(internal, internal, internal)",postgres,Extension Provided (btree_gist)
FUNCTION,public,"gbt_cash_picksplit(internal, internal)",postgres,Extension Provided (btree_gist)
FUNCTION,public,"gbt_cash_same(gbtreekey16, gbtreekey16, internal)",postgres,Extension Provided (btree_gist)
FUNCTION,public,"gbt_cash_union(internal, internal)",postgres,Extension Provided (btree_gist)
FUNCTION,public,gbt_date_compress(internal),postgres,Extension Provided (btree_gist)
FUNCTION,public,"gbt_date_consistent(internal, date, smallint, oid, internal)",postgres,Extension Provided (btree_gist)
FUNCTION,public,"gbt_date_distance(internal, date, smallint, oid, internal)",postgres,Extension Provided (btree_gist)
FUNCTION,public,gbt_date_fetch(internal),postgres,Extension Provided (btree_gist)
FUNCTION,public,"gbt_date_penalty(internal, internal, internal)",postgres,Extension Provided (btree_gist)
FUNCTION,public,"gbt_date_picksplit(internal, internal)",postgres,Extension Provided (btree_gist)
FUNCTION,public,"gbt_date_same(gbtreekey8, gbtreekey8, internal)",postgres,Extension Provided (btree_gist)
FUNCTION,public,"gbt_date_union(internal, internal)",postgres,Extension Provided (btree_gist)
FUNCTION,public,gbt_decompress(internal),postgres,Extension Provided (btree_gist)
FUNCTION,public,gbt_enum_compress(internal),postgres,Extension Provided (btree_gist)
FUNCTION,public,"gbt_enum_consistent(internal, anyenum, smallint, oid, internal)",postgres,Extension Provided (btree_gist)
FUNCTION,public,gbt_enum_fetch(internal),postgres,Extension Provided (btree_gist)
FUNCTION,public,"gbt_enum_penalty(internal, internal, internal)",postgres,Extension Provided (btree_gist)
FUNCTION,public,"gbt_enum_picksplit(internal, internal)",postgres,Extension Provided (btree_gist)
FUNCTION,public,"gbt_enum_same(gbtreekey8, gbtreekey8, internal)",postgres,Extension Provided (btree_gist)
FUNCTION,public,"gbt_enum_union(internal, internal)",postgres,Extension Provided (btree_gist)
FUNCTION,public,gbt_float4_compress(internal),postgres,Extension Provided (btree_gist)
FUNCTION,public,"gbt_float4_consistent(internal, real, smallint, oid, internal)",postgres,Extension Provided (btree_gist)
FUNCTION,public,"gbt_float4_distance(internal, real, smallint, oid, internal)",postgres,Extension Provided (btree_gist)
FUNCTION,public,gbt_float4_fetch(internal),postgres,Extension Provided (btree_gist)
FUNCTION,public,"gbt_float4_penalty(internal, internal, internal)",postgres,Extension Provided (btree_gist)
FUNCTION,public,"gbt_float4_picksplit(internal, internal)",postgres,Extension Provided (btree_gist)
FUNCTION,public,"gbt_float4_same(gbtreekey8, gbtreekey8, internal)",postgres,Extension Provided (btree_gist)
FUNCTION,public,"gbt_float4_union(internal, internal)",postgres,Extension Provided (btree_gist)
FUNCTION,public,gbt_float8_compress(internal),postgres,Extension Provided (btree_gist)
FUNCTION,public,"gbt_float8_consistent(internal, double precision, smallint, oid, internal)",postgres,Extension Provided (btree_gist)
FUNCTION,public,"gbt_float8_distance(internal, double precision, smallint, oid, internal)",postgres,Extension Provided (btree_gist)
FUNCTION,public,gbt_float8_fetch(internal),postgres,Extension Provided (btree_gist)
FUNCTION,public,"gbt_float8_penalty(internal, internal, internal)",postgres,Extension Provided (btree_gist)
FUNCTION,public,"gbt_float8_picksplit(internal, internal)",postgres,Extension Provided (btree_gist)
FUNCTION,public,"gbt_float8_same(gbtreekey16, gbtreekey16, internal)",postgres,Extension Provided (btree_gist)
FUNCTION,public,"gbt_float8_union(internal, internal)",postgres,Extension Provided (btree_gist)
FUNCTION,public,gbt_inet_compress(internal),postgres,Extension Provided (btree_gist)
FUNCTION,public,"gbt_inet_consistent(internal, inet, smallint, oid, internal)",postgres,Extension Provided (btree_gist)
FUNCTION,public,"gbt_inet_penalty(internal, internal, internal)",postgres,Extension Provided (btree_gist)
FUNCTION,public,"gbt_inet_picksplit(internal, internal)",postgres,Extension Provided (btree_gist)
FUNCTION,public,"gbt_inet_same(gbtreekey16, gbtreekey16, internal)",postgres,Extension Provided (btree_gist)
FUNCTION,public,"gbt_inet_union(internal, internal)",postgres,Extension Provided (btree_gist)
FUNCTION,public,gbt_int2_compress(internal),postgres,Extension Provided (btree_gist)
FUNCTION,public,"gbt_int2_consistent(internal, smallint, smallint, oid, internal)",postgres,Extension Provided (btree_gist)
FUNCTION,public,"gbt_int2_distance(internal, smallint, smallint, oid, internal)",postgres,Extension Provided (btree_gist)
FUNCTION,public,gbt_int2_fetch(internal),postgres,Extension Provided (btree_gist)
FUNCTION,public,"gbt_int2_penalty(internal, internal, internal)",postgres,Extension Provided (btree_gist)
FUNCTION,public,"gbt_int2_picksplit(internal, internal)",postgres,Extension Provided (btree_gist)
FUNCTION,public,"gbt_int2_same(gbtreekey4, gbtreekey4, internal)",postgres,Extension Provided (btree_gist)
FUNCTION,public,"gbt_int2_union(internal, internal)",postgres,Extension Provided (btree_gist)
FUNCTION,public,gbt_int4_compress(internal),postgres,Extension Provided (btree_gist)
FUNCTION,public,"gbt_int4_consistent(internal, integer, smallint, oid, internal)",postgres,Extension Provided (btree_gist)
FUNCTION,public,"gbt_int4_distance(internal, integer, smallint, oid, internal)",postgres,Extension Provided (btree_gist)
FUNCTION,public,gbt_int4_fetch(internal),postgres,Extension Provided (btree_gist)
FUNCTION,public,"gbt_int4_penalty(internal, internal, internal)",postgres,Extension Provided (btree_gist)
FUNCTION,public,"gbt_int4_picksplit(internal, internal)",postgres,Extension Provided (btree_gist)
FUNCTION,public,"gbt_int4_same(gbtreekey8, gbtreekey8, internal)",postgres,Extension Provided (btree_gist)
FUNCTION,public,"gbt_int4_union(internal, internal)",postgres,Extension Provided (btree_gist)
FUNCTION,public,gbt_int8_compress(internal),postgres,Extension Provided (btree_gist)
FUNCTION,public,"gbt_int8_consistent(internal, bigint, smallint, oid, internal)",postgres,Extension Provided (btree_gist)
FUNCTION,public,"gbt_int8_distance(internal, bigint, smallint, oid, internal)",postgres,Extension Provided (btree_gist)
FUNCTION,public,gbt_int8_fetch(internal),postgres,Extension Provided (btree_gist)
FUNCTION,public,"gbt_int8_penalty(internal, internal, internal)",postgres,Extension Provided (btree_gist)
FUNCTION,public,"gbt_int8_picksplit(internal, internal)",postgres,Extension Provided (btree_gist)
FUNCTION,public,"gbt_int8_same(gbtreekey16, gbtreekey16, internal)",postgres,Extension Provided (btree_gist)
FUNCTION,public,"gbt_int8_union(internal, internal)",postgres,Extension Provided (btree_gist)
FUNCTION,public,gbt_intv_compress(internal),postgres,Extension Provided (btree_gist)
FUNCTION,public,"gbt_intv_consistent(internal, interval, smallint, oid, internal)",postgres,Extension Provided (btree_gist)
FUNCTION,public,gbt_intv_decompress(internal),postgres,Extension Provided (btree_gist)
FUNCTION,public,"gbt_intv_distance(internal, interval, smallint, oid, internal)",postgres,Extension Provided (btree_gist)
FUNCTION,public,gbt_intv_fetch(internal),postgres,Extension Provided (btree_gist)
FUNCTION,public,"gbt_intv_penalty(internal, internal, internal)",postgres,Extension Provided (btree_gist)
FUNCTION,public,"gbt_intv_picksplit(internal, internal)",postgres,Extension Provided (btree_gist)
FUNCTION,public,"gbt_intv_same(gbtreekey32, gbtreekey32, internal)",postgres,Extension Provided (btree_gist)
FUNCTION,public,"gbt_intv_union(internal, internal)",postgres,Extension Provided (btree_gist)
FUNCTION,public,gbt_macad8_compress(internal),postgres,Extension Provided (btree_gist)
FUNCTION,public,"gbt_macad8_consistent(internal, macaddr8, smallint, oid, internal)",postgres,Extension Provided (btree_gist)
FUNCTION,public,gbt_macad8_fetch(internal),postgres,Extension Provided (btree_gist)
FUNCTION,public,"gbt_macad8_penalty(internal, internal, internal)",postgres,Extension Provided (btree_gist)
FUNCTION,public,"gbt_macad8_picksplit(internal, internal)",postgres,Extension Provided (btree_gist)
FUNCTION,public,"gbt_macad8_same(gbtreekey16, gbtreekey16, internal)",postgres,Extension Provided (btree_gist)
FUNCTION,public,"gbt_macad8_union(internal, internal)",postgres,Extension Provided (btree_gist)
FUNCTION,public,gbt_macad_compress(internal),postgres,Extension Provided (btree_gist)
FUNCTION,public,"gbt_macad_consistent(internal, macaddr, smallint, oid, internal)",postgres,Extension Provided (btree_gist)
FUNCTION,public,gbt_macad_fetch(internal),postgres,Extension Provided (btree_gist)
FUNCTION,public,"gbt_macad_penalty(internal, internal, internal)",postgres,Extension Provided (btree_gist)
FUNCTION,public,"gbt_macad_picksplit(internal, internal)",postgres,Extension Provided (btree_gist)
FUNCTION,public,"gbt_macad_same(gbtreekey16, gbtreekey16, internal)",postgres,Extension Provided (btree_gist)
FUNCTION,public,"gbt_macad_union(internal, internal)",postgres,Extension Provided (btree_gist)
FUNCTION,public,gbt_numeric_compress(internal),postgres,Extension Provided (btree_gist)
FUNCTION,public,"gbt_numeric_consistent(internal, numeric, smallint, oid, internal)",postgres,Extension Provided (btree_gist)
FUNCTION,public,"gbt_numeric_penalty(internal, internal, internal)",postgres,Extension Provided (btree_gist)
FUNCTION,public,"gbt_numeric_picksplit(internal, internal)",postgres,Extension Provided (btree_gist)
FUNCTION,public,"gbt_numeric_same(gbtreekey_var, gbtreekey_var, internal)",postgres,Extension Provided (btree_gist)
FUNCTION,public,"gbt_numeric_union(internal, internal)",postgres,Extension Provided (btree_gist)
FUNCTION,public,gbt_oid_compress(internal),postgres,Extension Provided (btree_gist)
FUNCTION,public,"gbt_oid_consistent(internal, oid, smallint, oid, internal)",postgres,Extension Provided (btree_gist)
FUNCTION,public,"gbt_oid_distance(internal, oid, smallint, oid, internal)",postgres,Extension Provided (btree_gist)
FUNCTION,public,gbt_oid_fetch(internal),postgres,Extension Provided (btree_gist)
FUNCTION,public,"gbt_oid_penalty(internal, internal, internal)",postgres,Extension Provided (btree_gist)
FUNCTION,public,"gbt_oid_picksplit(internal, internal)",postgres,Extension Provided (btree_gist)
FUNCTION,public,"gbt_oid_same(gbtreekey8, gbtreekey8, internal)",postgres,Extension Provided (btree_gist)
FUNCTION,public,"gbt_oid_union(internal, internal)",postgres,Extension Provided (btree_gist)
FUNCTION,public,gbt_text_compress(internal),postgres,Extension Provided (btree_gist)
FUNCTION,public,"gbt_text_consistent(internal, text, smallint, oid, internal)",postgres,Extension Provided (btree_gist)
FUNCTION,public,"gbt_text_penalty(internal, internal, internal)",postgres,Extension Provided (btree_gist)
FUNCTION,public,"gbt_text_picksplit(internal, internal)",postgres,Extension Provided (btree_gist)
FUNCTION,public,"gbt_text_same(gbtreekey_var, gbtreekey_var, internal)",postgres,Extension Provided (btree_gist)
FUNCTION,public,"gbt_text_union(internal, internal)",postgres,Extension Provided (btree_gist)
FUNCTION,public,gbt_time_compress(internal),postgres,Extension Provided (btree_gist)
FUNCTION,public,"gbt_time_consistent(internal, time without time zone, smallint, oid, internal)",postgres,Extension Provided (btree_gist)
FUNCTION,public,"gbt_time_distance(internal, time without time zone, smallint, oid, internal)",postgres,Extension Provided (btree_gist)
FUNCTION,public,gbt_time_fetch(internal),postgres,Extension Provided (btree_gist)
FUNCTION,public,"gbt_time_penalty(internal, internal, internal)",postgres,Extension Provided (btree_gist)
FUNCTION,public,"gbt_time_picksplit(internal, internal)",postgres,Extension Provided (btree_gist)
FUNCTION,public,"gbt_time_same(gbtreekey16, gbtreekey16, internal)",postgres,Extension Provided (btree_gist)
FUNCTION,public,"gbt_time_union(internal, internal)",postgres,Extension Provided (btree_gist)
FUNCTION,public,gbt_timetz_compress(internal),postgres,Extension Provided (btree_gist)
FUNCTION,public,"gbt_timetz_consistent(internal, time with time zone, smallint, oid, internal)",postgres,Extension Provided (btree_gist)
FUNCTION,public,gbt_ts_compress(internal),postgres,Extension Provided (btree_gist)
FUNCTION,public,"gbt_ts_consistent(internal, timestamp without time zone, smallint, oid, internal)",postgres,Extension Provided (btree_gist)
FUNCTION,public,"gbt_ts_distance(internal, timestamp without time zone, smallint, oid, internal)",postgres,Extension Provided (btree_gist)
FUNCTION,public,gbt_ts_fetch(internal),postgres,Extension Provided (btree_gist)
FUNCTION,public,"gbt_ts_penalty(internal, internal, internal)",postgres,Extension Provided (btree_gist)
FUNCTION,public,"gbt_ts_picksplit(internal, internal)",postgres,Extension Provided (btree_gist)
FUNCTION,public,"gbt_ts_same(gbtreekey16, gbtreekey16, internal)",postgres,Extension Provided (btree_gist)
FUNCTION,public,"gbt_ts_union(internal, internal)",postgres,Extension Provided (btree_gist)
FUNCTION,public,gbt_tstz_compress(internal),postgres,Extension Provided (btree_gist)
FUNCTION,public,"gbt_tstz_consistent(internal, timestamp with time zone, smallint, oid, internal)",postgres,Extension Provided (btree_gist)
FUNCTION,public,"gbt_tstz_distance(internal, timestamp with time zone, smallint, oid, internal)",postgres,Extension Provided (btree_gist)
FUNCTION,public,gbt_uuid_compress(internal),postgres,Extension Provided (btree_gist)
FUNCTION,public,"gbt_uuid_consistent(internal, uuid, smallint, oid, internal)",postgres,Extension Provided (btree_gist)
FUNCTION,public,gbt_uuid_fetch(internal),postgres,Extension Provided (btree_gist)
FUNCTION,public,"gbt_uuid_penalty(internal, internal, internal)",postgres,Extension Provided (btree_gist)
FUNCTION,public,"gbt_uuid_picksplit(internal, internal)",postgres,Extension Provided (btree_gist)
FUNCTION,public,"gbt_uuid_same(gbtreekey32, gbtreekey32, internal)",postgres,Extension Provided (btree_gist)
FUNCTION,public,"gbt_uuid_union(internal, internal)",postgres,Extension Provided (btree_gist)
FUNCTION,public,gbt_var_decompress(internal),postgres,Extension Provided (btree_gist)
FUNCTION,public,gbt_var_fetch(internal),postgres,Extension Provided (btree_gist)
FUNCTION,public,gbtreekey16_in(cstring),postgres,Extension Provided (btree_gist)
FUNCTION,public,gbtreekey16_out(gbtreekey16),postgres,Extension Provided (btree_gist)
FUNCTION,public,gbtreekey2_in(cstring),postgres,Extension Provided (btree_gist)
FUNCTION,public,gbtreekey2_out(gbtreekey2),postgres,Extension Provided (btree_gist)
FUNCTION,public,gbtreekey32_in(cstring),postgres,Extension Provided (btree_gist)
FUNCTION,public,gbtreekey32_out(gbtreekey32),postgres,Extension Provided (btree_gist)
FUNCTION,public,gbtreekey4_in(cstring),postgres,Extension Provided (btree_gist)
FUNCTION,public,gbtreekey4_out(gbtreekey4),postgres,Extension Provided (btree_gist)
FUNCTION,public,gbtreekey8_in(cstring),postgres,Extension Provided (btree_gist)
FUNCTION,public,gbtreekey8_out(gbtreekey8),postgres,Extension Provided (btree_gist)
FUNCTION,public,gbtreekey_var_in(cstring),postgres,Extension Provided (btree_gist)
FUNCTION,public,gbtreekey_var_out(gbtreekey_var),postgres,Extension Provided (btree_gist)
FUNCTION,public,gen_random_bytes(integer),postgres,Extension Provided (pgcrypto)
FUNCTION,public,gen_random_uuid(),postgres,Extension Provided (pgcrypto)
FUNCTION,public,gen_salt(text),postgres,Extension Provided (pgcrypto)
FUNCTION,public,"gen_salt(text, integer)",postgres,Extension Provided (pgcrypto)
FUNCTION,public,"hmac(bytea, bytea, text)",postgres,Extension Provided (pgcrypto)
FUNCTION,public,"hmac(text, text, text)",postgres,Extension Provided (pgcrypto)
FUNCTION,public,"int2_dist(smallint, smallint)",postgres,Extension Provided (btree_gist)
FUNCTION,public,"int4_dist(integer, integer)",postgres,Extension Provided (btree_gist)
FUNCTION,public,"int8_dist(bigint, bigint)",postgres,Extension Provided (btree_gist)
FUNCTION,public,"interval_dist(interval, interval)",postgres,Extension Provided (btree_gist)
FUNCTION,public,"oid_dist(oid, oid)",postgres,Extension Provided (btree_gist)
FUNCTION,public,"pgp_armor_headers(text, OUT key text, OUT value text)",postgres,Extension Provided (pgcrypto)
FUNCTION,public,pgp_key_id(bytea),postgres,Extension Provided (pgcrypto)
FUNCTION,public,"pgp_pub_decrypt(bytea, bytea, text)",postgres,Extension Provided (pgcrypto)
FUNCTION,public,"pgp_pub_decrypt(bytea, bytea, text, text)",postgres,Extension Provided (pgcrypto)
FUNCTION,public,"pgp_pub_decrypt(bytea, bytea)",postgres,Extension Provided (pgcrypto)
FUNCTION,public,"pgp_pub_decrypt_bytea(bytea, bytea, text, text)",postgres,Extension Provided (pgcrypto)
FUNCTION,public,"pgp_pub_decrypt_bytea(bytea, bytea)",postgres,Extension Provided (pgcrypto)
FUNCTION,public,"pgp_pub_decrypt_bytea(bytea, bytea, text)",postgres,Extension Provided (pgcrypto)
FUNCTION,public,"pgp_pub_encrypt(text, bytea)",postgres,Extension Provided (pgcrypto)
FUNCTION,public,"pgp_pub_encrypt(text, bytea, text)",postgres,Extension Provided (pgcrypto)
FUNCTION,public,"pgp_pub_encrypt_bytea(bytea, bytea, text)",postgres,Extension Provided (pgcrypto)
FUNCTION,public,"pgp_pub_encrypt_bytea(bytea, bytea)",postgres,Extension Provided (pgcrypto)
FUNCTION,public,"pgp_sym_decrypt(bytea, text)",postgres,Extension Provided (pgcrypto)
FUNCTION,public,"pgp_sym_decrypt(bytea, text, text)",postgres,Extension Provided (pgcrypto)
FUNCTION,public,"pgp_sym_decrypt_bytea(bytea, text)",postgres,Extension Provided (pgcrypto)
FUNCTION,public,"pgp_sym_decrypt_bytea(bytea, text, text)",postgres,Extension Provided (pgcrypto)
FUNCTION,public,"pgp_sym_encrypt(text, text, text)",postgres,Extension Provided (pgcrypto)
FUNCTION,public,"pgp_sym_encrypt(text, text)",postgres,Extension Provided (pgcrypto)
FUNCTION,public,"pgp_sym_encrypt_bytea(bytea, text, text)",postgres,Extension Provided (pgcrypto)
FUNCTION,public,"pgp_sym_encrypt_bytea(bytea, text)",postgres,Extension Provided (pgcrypto)
FUNCTION,public,"regexp_match(citext, citext)",postgres,Extension Provided (citext)
FUNCTION,public,"regexp_match(citext, citext, text)",postgres,Extension Provided (citext)
FUNCTION,public,"regexp_matches(citext, citext)",postgres,Extension Provided (citext)
FUNCTION,public,"regexp_matches(citext, citext, text)",postgres,Extension Provided (citext)
FUNCTION,public,"regexp_replace(citext, citext, text)",postgres,Extension Provided (citext)
FUNCTION,public,"regexp_replace(citext, citext, text, text)",postgres,Extension Provided (citext)
FUNCTION,public,"regexp_split_to_array(citext, citext)",postgres,Extension Provided (citext)
FUNCTION,public,"regexp_split_to_array(citext, citext, text)",postgres,Extension Provided (citext)
FUNCTION,public,"regexp_split_to_table(citext, citext, text)",postgres,Extension Provided (citext)
FUNCTION,public,"regexp_split_to_table(citext, citext)",postgres,Extension Provided (citext)
FUNCTION,public,"replace(citext, citext, citext)",postgres,Extension Provided (citext)
FUNCTION,public,"split_part(citext, citext, integer)",postgres,Extension Provided (citext)
FUNCTION,public,"strpos(citext, citext)",postgres,Extension Provided (citext)
FUNCTION,public,"texticlike(citext, text)",postgres,Extension Provided (citext)
FUNCTION,public,"texticlike(citext, citext)",postgres,Extension Provided (citext)
FUNCTION,public,"texticnlike(citext, citext)",postgres,Extension Provided (citext)
FUNCTION,public,"texticnlike(citext, text)",postgres,Extension Provided (citext)
FUNCTION,public,"texticregexeq(citext, citext)",postgres,Extension Provided (citext)
FUNCTION,public,"texticregexeq(citext, text)",postgres,Extension Provided (citext)
FUNCTION,public,"texticregexne(citext, citext)",postgres,Extension Provided (citext)
FUNCTION,public,"texticregexne(citext, text)",postgres,Extension Provided (citext)
FUNCTION,public,"time_dist(time without time zone, time without time zone)",postgres,Extension Provided (btree_gist)
FUNCTION,public,"translate(citext, citext, text)",postgres,Extension Provided (citext)
FUNCTION,public,"ts_dist(timestamp without time zone, timestamp without time zone)",postgres,Extension Provided (btree_gist)
FUNCTION,public,"tstz_dist(timestamp with time zone, timestamp with time zone)",postgres,Extension Provided (btree_gist)
TRIGGER,public,trg_booking_passengers_updated_at ON booking_passengers,postgres,Active Trigger (fn_set_updated_at)
TRIGGER,public,trg_booking_seats_updated_at ON booking_seats,postgres,Active Trigger (fn_set_updated_at)
TRIGGER,public,trg_bookings_audit ON bookings,postgres,Active Trigger (fn_record_audit_log)
TRIGGER,public,trg_bookings_status_hist ON bookings,postgres,Active Trigger (fn_log_booking_status_transition)
TRIGGER,public,trg_bookings_updated_at ON bookings,postgres,Active Trigger (fn_set_updated_at)
TRIGGER,public,trg_coupons_updated_at ON coupons,postgres,Active Trigger (fn_set_updated_at)
TRIGGER,public,trg_discounts_updated_at ON discounts,postgres,Active Trigger (fn_set_updated_at)
TRIGGER,public,trg_driver_assign_updated_at ON driver_assignments,postgres,Active Trigger (fn_set_updated_at)
TRIGGER,public,trg_driver_avail_updated_at ON driver_availability,postgres,Active Trigger (fn_set_updated_at)
TRIGGER,public,trg_driver_docs_updated_at ON driver_documents,postgres,Active Trigger (fn_set_updated_at)
TRIGGER,public,trg_driver_emerg_contacts_updated_at ON driver_emergency_contacts,postgres,Active Trigger (fn_set_updated_at)
TRIGGER,public,trg_drivers_audit ON drivers,postgres,Active Trigger (fn_record_audit_log)
TRIGGER,public,trg_drivers_updated_at ON drivers,postgres,Active Trigger (fn_set_updated_at)
TRIGGER,public,trg_emergency_contacts_updated_at ON emergency_contacts,postgres,Active Trigger (fn_set_updated_at)
TRIGGER,public,trg_fare_products_updated_at ON fare_products,postgres,Active Trigger (fn_set_updated_at)
TRIGGER,public,trg_fare_rules_updated_at ON fare_rules,postgres,Active Trigger (fn_set_updated_at)
TRIGGER,public,trg_feature_flags_updated_at ON feature_flags,postgres,Active Trigger (fn_set_updated_at)
TRIGGER,public,trg_geofences_updated_at ON geofences,postgres,Active Trigger (fn_set_updated_at)
TRIGGER,public,trg_incidents_audit ON incidents,postgres,Active Trigger (fn_record_audit_log)
TRIGGER,public,trg_incidents_updated_at ON incidents,postgres,Active Trigger (fn_set_updated_at)
TRIGGER,public,trg_invoices_updated_at ON invoices,postgres,Active Trigger (fn_set_updated_at)
TRIGGER,public,trg_lost_found_items_updated_at ON lost_found_items,postgres,Active Trigger (fn_set_updated_at)
TRIGGER,public,trg_lost_found_updated_at ON lost_found_reports,postgres,Active Trigger (fn_set_updated_at)
TRIGGER,public,trg_maint_records_updated_at ON maintenance_records,postgres,Active Trigger (fn_set_updated_at)
TRIGGER,public,trg_maint_sched_updated_at ON maintenance_schedules,postgres,Active Trigger (fn_set_updated_at)
TRIGGER,public,trg_notif_pref_updated_at ON notification_preferences,postgres,Active Trigger (fn_set_updated_at)
TRIGGER,public,trg_notif_templates_updated_at ON notification_templates,postgres,Active Trigger (fn_set_updated_at)
TRIGGER,public,trg_passenger_profiles_updated_at ON passenger_profiles,postgres,Active Trigger (fn_set_updated_at)
TRIGGER,public,trg_payment_methods_updated_at ON payment_methods,postgres,Active Trigger (fn_set_updated_at)
TRIGGER,public,trg_payments_audit ON payments,postgres,Active Trigger (fn_record_audit_log)
TRIGGER,public,trg_payments_updated_at ON payments,postgres,Active Trigger (fn_set_updated_at)
TRIGGER,public,trg_refunds_audit ON refunds,postgres,Active Trigger (fn_record_audit_log)
TRIGGER,public,trg_refunds_updated_at ON refunds,postgres,Active Trigger (fn_set_updated_at)
TRIGGER,public,trg_review_resp_updated_at ON review_responses,postgres,Active Trigger (fn_set_updated_at)
TRIGGER,public,trg_reviews_updated_at ON reviews,postgres,Active Trigger (fn_set_updated_at)
TRIGGER,public,trg_roles_updated_at ON roles,postgres,Active Trigger (fn_set_updated_at)
TRIGGER,public,trg_route_stops_updated_at ON route_stops,postgres,Active Trigger (fn_set_updated_at)
TRIGGER,public,trg_routes_audit ON routes,postgres,Active Trigger (fn_record_audit_log)
TRIGGER,public,trg_routes_updated_at ON routes,postgres,Active Trigger (fn_set_updated_at)
TRIGGER,public,trg_seat_layouts_updated_at ON seat_layouts,postgres,Active Trigger (fn_set_updated_at)
TRIGGER,public,trg_seats_updated_at ON seats,postgres,Active Trigger (fn_set_updated_at)
TRIGGER,public,trg_service_cal_updated_at ON service_calendars,postgres,Active Trigger (fn_set_updated_at)
TRIGGER,public,trg_stops_updated_at ON stops,postgres,Active Trigger (fn_set_updated_at)
TRIGGER,public,trg_support_tickets_updated_at ON support_tickets,postgres,Active Trigger (fn_set_updated_at)
TRIGGER,public,trg_system_settings_audit ON system_settings,postgres,Active Trigger (fn_record_audit_log)
TRIGGER,public,trg_system_settings_updated_at ON system_settings,postgres,Active Trigger (fn_set_updated_at)
TRIGGER,public,trg_tracking_devices_updated_at ON tracking_devices,postgres,Active Trigger (fn_set_updated_at)
TRIGGER,public,trg_trip_assign_updated_at ON trip_assignments,postgres,Active Trigger (fn_set_updated_at)
TRIGGER,public,trg_trip_schedules_updated_at ON trip_schedules,postgres,Active Trigger (fn_set_updated_at)
TRIGGER,public,trg_trip_stops_updated_at ON trip_stops,postgres,Active Trigger (fn_set_updated_at)
TRIGGER,public,trg_trips_audit ON trips,postgres,Active Trigger (fn_record_audit_log)
TRIGGER,public,trg_trips_status_hist ON trips,postgres,Active Trigger (fn_log_trip_status_transition)
TRIGGER,public,trg_trips_updated_at ON trips,postgres,Active Trigger (fn_set_updated_at)
TRIGGER,public,trg_user_addresses_updated_at ON user_addresses,postgres,Active Trigger (fn_set_updated_at)
TRIGGER,public,trg_user_preferences_updated_at ON user_preferences,postgres,Active Trigger (fn_set_updated_at)
TRIGGER,public,trg_users_audit ON users,postgres,Active Trigger (fn_record_audit_log)
TRIGGER,public,trg_users_updated_at ON users,postgres,Active Trigger (fn_set_updated_at)
TRIGGER,public,trg_vehicle_assign_updated_at ON vehicle_assignments,postgres,Active Trigger (fn_set_updated_at)
TRIGGER,public,trg_vehicle_docs_updated_at ON vehicle_documents,postgres,Active Trigger (fn_set_updated_at)
TRIGGER,public,trg_vehicle_insp_updated_at ON vehicle_inspections,postgres,Active Trigger (fn_set_updated_at)
TRIGGER,public,trg_vehicles_audit ON vehicles,postgres,Active Trigger (fn_record_audit_log)
TRIGGER,public,trg_vehicles_updated_at ON vehicles,postgres,Active Trigger (fn_set_updated_at)
PRIMARY KEY INDEX,public,audit_logs_pkey ON audit_logs,postgres,Active Index
INDEX,public,idx_audit_logs_actor ON audit_logs,postgres,Active Index
INDEX,public,idx_audit_logs_entity ON audit_logs,postgres,Active Index
INDEX,public,idx_audit_logs_time ON audit_logs,postgres,Active Index
PRIMARY KEY INDEX,public,booking_cancellations_pkey ON booking_cancellations,postgres,Active Index
INDEX,public,idx_booking_canc_booking ON booking_cancellations,postgres,Active Index
INDEX,public,idx_booking_canc_ref ON booking_cancellations,postgres,Active Index
UNIQUE INDEX,public,uq_booking_canc_booking ON booking_cancellations,postgres,Active Index
UNIQUE INDEX,public,uq_booking_canc_ref ON booking_cancellations,postgres,Active Index
PRIMARY KEY INDEX,public,booking_items_pkey ON booking_items,postgres,Active Index
INDEX,public,idx_booking_items_booking ON booking_items,postgres,Active Index
PRIMARY KEY INDEX,public,booking_passengers_pkey ON booking_passengers,postgres,Active Index
INDEX,public,idx_booking_passengers_booking ON booking_passengers,postgres,Active Index
PRIMARY KEY INDEX,public,booking_reschedules_pkey ON booking_reschedules,postgres,Active Index
INDEX,public,idx_booking_resched_new ON booking_reschedules,postgres,Active Index
INDEX,public,idx_booking_resched_orig ON booking_reschedules,postgres,Active Index
UNIQUE INDEX,public,uq_booking_resched_orig ON booking_reschedules,postgres,Active Index
PRIMARY KEY INDEX,public,booking_seats_pkey ON booking_seats,postgres,Active Index
INDEX,public,idx_booking_seats_trip ON booking_seats,postgres,Active Index
UNIQUE INDEX,public,uq_booking_seats_active_trip_seat ON booking_seats,postgres,Active Index
UNIQUE INDEX,public,uq_booking_seats_booking_seat ON booking_seats,postgres,Active Index
PRIMARY KEY INDEX,public,booking_status_history_pkey ON booking_status_history,postgres,Active Index
INDEX,public,idx_booking_status_hist_booking ON booking_status_history,postgres,Active Index
PRIMARY KEY INDEX,public,bookings_pkey ON bookings,postgres,Active Index
INDEX,public,idx_bookings_ref ON bookings,postgres,Active Index
INDEX,public,idx_bookings_status ON bookings,postgres,Active Index
INDEX,public,idx_bookings_trip ON bookings,postgres,Active Index
INDEX,public,idx_bookings_user_time ON bookings,postgres,Active Index
UNIQUE INDEX,public,uq_bookings_ref ON bookings,postgres,Active Index
PRIMARY KEY INDEX,public,coupon_redemptions_pkey ON coupon_redemptions,postgres,Active Index
INDEX,public,idx_coupon_redemptions_coupon ON coupon_redemptions,postgres,Active Index
INDEX,public,idx_coupon_redemptions_user ON coupon_redemptions,postgres,Active Index
UNIQUE INDEX,public,uq_coupon_redemptions_booking ON coupon_redemptions,postgres,Active Index
PRIMARY KEY INDEX,public,coupons_pkey ON coupons,postgres,Active Index
INDEX,public,idx_coupons_code ON coupons,postgres,Active Index
UNIQUE INDEX,public,uq_coupons_code ON coupons,postgres,Active Index
PRIMARY KEY INDEX,public,discounts_pkey ON discounts,postgres,Active Index
INDEX,public,idx_discounts_code ON discounts,postgres,Active Index
UNIQUE INDEX,public,uq_discounts_code ON discounts,postgres,Active Index
PRIMARY KEY INDEX,public,driver_assignments_pkey ON driver_assignments,postgres,Active Index
INDEX,public,idx_driver_assign_dates ON driver_assignments,postgres,Active Index
INDEX,public,idx_driver_assign_driver ON driver_assignments,postgres,Active Index
PRIMARY KEY INDEX,public,driver_availability_pkey ON driver_availability,postgres,Active Index
INDEX,public,idx_driver_avail_driver ON driver_availability,postgres,Active Index
PRIMARY KEY INDEX,public,driver_document_types_pkey ON driver_document_types,postgres,Active Index
INDEX,public,idx_driver_doc_types_code ON driver_document_types,postgres,Active Index
UNIQUE INDEX,public,uq_driver_doc_types_code ON driver_document_types,postgres,Active Index
PRIMARY KEY INDEX,public,driver_documents_pkey ON driver_documents,postgres,Active Index
INDEX,public,idx_driver_docs_driver ON driver_documents,postgres,Active Index
INDEX,public,idx_driver_docs_expiry ON driver_documents,postgres,Active Index
UNIQUE INDEX,public,uq_driver_docs_type ON driver_documents,postgres,Active Index
PRIMARY KEY INDEX,public,driver_emergency_contacts_pkey ON driver_emergency_contacts,postgres,Active Index
INDEX,public,idx_driver_emerg_contacts_driver ON driver_emergency_contacts,postgres,Active Index
PRIMARY KEY INDEX,public,driver_safety_events_pkey ON driver_safety_events,postgres,Active Index
INDEX,public,idx_driver_safety_driver_time ON driver_safety_events,postgres,Active Index
INDEX,public,idx_driver_safety_veh ON driver_safety_events,postgres,Active Index
PRIMARY KEY INDEX,public,driver_status_history_pkey ON driver_status_history,postgres,Active Index
INDEX,public,idx_driver_status_hist_driver ON driver_status_history,postgres,Active Index
PRIMARY KEY INDEX,public,driver_verifications_pkey ON driver_verifications,postgres,Active Index
INDEX,public,idx_driver_verif_driver ON driver_verifications,postgres,Active Index
PRIMARY KEY INDEX,public,drivers_pkey ON drivers,postgres,Active Index
INDEX,public,idx_drivers_emp_code ON drivers,postgres,Active Index
INDEX,public,idx_drivers_license ON drivers,postgres,Active Index
INDEX,public,idx_drivers_status ON drivers,postgres,Active Index
UNIQUE INDEX,public,uq_drivers_emp_code ON drivers,postgres,Active Index
UNIQUE INDEX,public,uq_drivers_license ON drivers,postgres,Active Index
UNIQUE INDEX,public,uq_drivers_user ON drivers,postgres,Active Index
PRIMARY KEY INDEX,public,email_verification_tokens_pkey ON email_verification_tokens,postgres,Active Index
INDEX,public,idx_email_verify_user ON email_verification_tokens,postgres,Active Index
UNIQUE INDEX,public,uq_email_verify_token_hash ON email_verification_tokens,postgres,Active Index
PRIMARY KEY INDEX,public,emergency_contacts_pkey ON emergency_contacts,postgres,Active Index
INDEX,public,idx_emergency_contacts_user ON emergency_contacts,postgres,Active Index
PRIMARY KEY INDEX,public,emergency_events_pkey ON emergency_events,postgres,Active Index
INDEX,public,idx_emergency_active ON emergency_events,postgres,Active Index
INDEX,public,idx_emergency_events_trip ON emergency_events,postgres,Active Index
PRIMARY KEY INDEX,public,fare_prices_pkey ON fare_prices,postgres,Active Index
INDEX,public,idx_fare_prices_rule_dates ON fare_prices,postgres,Active Index
PRIMARY KEY INDEX,public,fare_products_pkey ON fare_products,postgres,Active Index
INDEX,public,idx_fare_products_code ON fare_products,postgres,Active Index
UNIQUE INDEX,public,uq_fare_products_code ON fare_products,postgres,Active Index
PRIMARY KEY INDEX,public,fare_rules_pkey ON fare_rules,postgres,Active Index
INDEX,public,idx_fare_rules_lookup ON fare_rules,postgres,Active Index
PRIMARY KEY INDEX,public,feature_flags_pkey ON feature_flags,postgres,Active Index
INDEX,public,idx_feature_flags_key ON feature_flags,postgres,Active Index
UNIQUE INDEX,public,uq_feature_flags_key ON feature_flags,postgres,Active Index
PRIMARY KEY INDEX,public,file_attachments_pkey ON file_attachments,postgres,Active Index
INDEX,public,idx_file_attachments_entity ON file_attachments,postgres,Active Index
UNIQUE INDEX,public,uq_file_attachments_key ON file_attachments,postgres,Active Index
PRIMARY KEY INDEX,public,geofence_events_pkey ON geofence_events,postgres,Active Index
INDEX,public,idx_geofence_events_fence ON geofence_events,postgres,Active Index
INDEX,public,idx_geofence_events_vehicle ON geofence_events,postgres,Active Index
PRIMARY KEY INDEX,public,geofences_pkey ON geofences,postgres,Active Index
INDEX,public,idx_geofences_coords ON geofences,postgres,Active Index
UNIQUE INDEX,public,uq_geofences_name ON geofences,postgres,Active Index
INDEX,public,idx_incident_actions_incident ON incident_actions,postgres,Active Index
PRIMARY KEY INDEX,public,incident_actions_pkey ON incident_actions,postgres,Active Index
INDEX,public,idx_incident_reports_incident ON incident_reports,postgres,Active Index
PRIMARY KEY INDEX,public,incident_reports_pkey ON incident_reports,postgres,Active Index
PRIMARY KEY INDEX,public,incident_severity_levels_pkey ON incident_severity_levels,postgres,Active Index
UNIQUE INDEX,public,uq_incident_sev_code ON incident_severity_levels,postgres,Active Index
UNIQUE INDEX,public,uq_incident_sev_rank ON incident_severity_levels,postgres,Active Index
INDEX,public,idx_incident_types_code ON incident_types,postgres,Active Index
PRIMARY KEY INDEX,public,incident_types_pkey ON incident_types,postgres,Active Index
UNIQUE INDEX,public,uq_incident_types_code ON incident_types,postgres,Active Index
INDEX,public,idx_incidents_num ON incidents,postgres,Active Index
INDEX,public,idx_incidents_status ON incidents,postgres,Active Index
INDEX,public,idx_incidents_trip ON incidents,postgres,Active Index
INDEX,public,idx_incidents_vehicle ON incidents,postgres,Active Index
PRIMARY KEY INDEX,public,incidents_pkey ON incidents,postgres,Active Index
UNIQUE INDEX,public,uq_incidents_num ON incidents,postgres,Active Index
INDEX,public,idx_invoice_items_invoice ON invoice_items,postgres,Active Index
PRIMARY KEY INDEX,public,invoice_items_pkey ON invoice_items,postgres,Active Index
INDEX,public,idx_invoices_booking ON invoices,postgres,Active Index
INDEX,public,idx_invoices_num ON invoices,postgres,Active Index
INDEX,public,idx_invoices_user ON invoices,postgres,Active Index
PRIMARY KEY INDEX,public,invoices_pkey ON invoices,postgres,Active Index
UNIQUE INDEX,public,uq_invoices_num ON invoices,postgres,Active Index
INDEX,public,idx_login_attempts_email_time ON login_attempts,postgres,Active Index
INDEX,public,idx_login_attempts_ip_time ON login_attempts,postgres,Active Index
PRIMARY KEY INDEX,public,login_attempts_pkey ON login_attempts,postgres,Active Index
INDEX,public,idx_lost_found_items_report ON lost_found_items,postgres,Active Index
PRIMARY KEY INDEX,public,lost_found_items_pkey ON lost_found_items,postgres,Active Index
INDEX,public,idx_lost_found_num ON lost_found_reports,postgres,Active Index
INDEX,public,idx_lost_found_trip ON lost_found_reports,postgres,Active Index
PRIMARY KEY INDEX,public,lost_found_reports_pkey ON lost_found_reports,postgres,Active Index
UNIQUE INDEX,public,uq_lost_found_num ON lost_found_reports,postgres,Active Index
INDEX,public,idx_lost_found_hist_report ON lost_found_status_history,postgres,Active Index
PRIMARY KEY INDEX,public,lost_found_status_history_pkey ON lost_found_status_history,postgres,Active Index
INDEX,public,idx_maint_items_record ON maintenance_items,postgres,Active Index
PRIMARY KEY INDEX,public,maintenance_items_pkey ON maintenance_items,postgres,Active Index
INDEX,public,idx_maint_parts_item ON maintenance_parts,postgres,Active Index
PRIMARY KEY INDEX,public,maintenance_parts_pkey ON maintenance_parts,postgres,Active Index
INDEX,public,idx_maint_records_status ON maintenance_records,postgres,Active Index
INDEX,public,idx_maint_records_veh ON maintenance_records,postgres,Active Index
PRIMARY KEY INDEX,public,maintenance_records_pkey ON maintenance_records,postgres,Active Index
INDEX,public,idx_maint_sched_veh ON maintenance_schedules,postgres,Active Index
PRIMARY KEY INDEX,public,maintenance_schedules_pkey ON maintenance_schedules,postgres,Active Index
INDEX,public,idx_notif_deliveries_notif ON notification_deliveries,postgres,Active Index
PRIMARY KEY INDEX,public,notification_deliveries_pkey ON notification_deliveries,postgres,Active Index
INDEX,public,idx_notif_pref_user ON notification_preferences,postgres,Active Index
PRIMARY KEY INDEX,public,notification_preferences_pkey ON notification_preferences,postgres,Active Index
UNIQUE INDEX,public,uq_notif_pref_user_chan_cat ON notification_preferences,postgres,Active Index
INDEX,public,idx_notif_templates_code ON notification_templates,postgres,Active Index
PRIMARY KEY INDEX,public,notification_templates_pkey ON notification_templates,postgres,Active Index
UNIQUE INDEX,public,uq_notif_templates_code_chan ON notification_templates,postgres,Active Index
INDEX,public,idx_notifications_queue ON notifications,postgres,Active Index
INDEX,public,idx_notifications_user_unread ON notifications,postgres,Active Index
PRIMARY KEY INDEX,public,notifications_pkey ON notifications,postgres,Active Index
INDEX,public,idx_passenger_profiles_user_id ON passenger_profiles,postgres,Active Index
PRIMARY KEY INDEX,public,passenger_profiles_pkey ON passenger_profiles,postgres,Active Index
UNIQUE INDEX,public,uq_passenger_profiles_user ON passenger_profiles,postgres,Active Index
INDEX,public,idx_password_reset_user ON password_reset_tokens,postgres,Active Index
PRIMARY KEY INDEX,public,password_reset_tokens_pkey ON password_reset_tokens,postgres,Active Index
UNIQUE INDEX,public,uq_password_reset_token_hash ON password_reset_tokens,postgres,Active Index
INDEX,public,idx_payment_attempts_payment ON payment_attempts,postgres,Active Index
PRIMARY KEY INDEX,public,payment_attempts_pkey ON payment_attempts,postgres,Active Index
UNIQUE INDEX,public,uq_payment_attempts_num ON payment_attempts,postgres,Active Index
INDEX,public,idx_payment_events_provider_event ON payment_events,postgres,Active Index
PRIMARY KEY INDEX,public,payment_events_pkey ON payment_events,postgres,Active Index
UNIQUE INDEX,public,uq_payment_events_provider_event ON payment_events,postgres,Active Index
INDEX,public,idx_payment_methods_user ON payment_methods,postgres,Active Index
PRIMARY KEY INDEX,public,payment_methods_pkey ON payment_methods,postgres,Active Index
INDEX,public,idx_payment_tx_payment ON payment_transactions,postgres,Active Index
PRIMARY KEY INDEX,public,payment_transactions_pkey ON payment_transactions,postgres,Active Index
INDEX,public,idx_payments_booking ON payments,postgres,Active Index
INDEX,public,idx_payments_provider_tx ON payments,postgres,Active Index
INDEX,public,idx_payments_ref ON payments,postgres,Active Index
INDEX,public,idx_payments_status ON payments,postgres,Active Index
PRIMARY KEY INDEX,public,payments_pkey ON payments,postgres,Active Index
UNIQUE INDEX,public,uq_payments_idempotency ON payments,postgres,Active Index
UNIQUE INDEX,public,uq_payments_ref ON payments,postgres,Active Index
INDEX,public,idx_permissions_module ON permissions,postgres,Active Index
PRIMARY KEY INDEX,public,permissions_pkey ON permissions,postgres,Active Index
UNIQUE INDEX,public,uq_permissions_code ON permissions,postgres,Active Index
INDEX,public,idx_refund_tx_refund ON refund_transactions,postgres,Active Index
PRIMARY KEY INDEX,public,refund_transactions_pkey ON refund_transactions,postgres,Active Index
INDEX,public,idx_refunds_booking ON refunds,postgres,Active Index
INDEX,public,idx_refunds_payment ON refunds,postgres,Active Index
INDEX,public,idx_refunds_ref ON refunds,postgres,Active Index
PRIMARY KEY INDEX,public,refunds_pkey ON refunds,postgres,Active Index
UNIQUE INDEX,public,uq_refunds_idempotency ON refunds,postgres,Active Index
UNIQUE INDEX,public,uq_refunds_ref ON refunds,postgres,Active Index
PRIMARY KEY INDEX,public,review_categories_pkey ON review_categories,postgres,Active Index
UNIQUE INDEX,public,uq_review_categories_code ON review_categories,postgres,Active Index
INDEX,public,idx_review_resp_review ON review_responses,postgres,Active Index
PRIMARY KEY INDEX,public,review_responses_pkey ON review_responses,postgres,Active Index
UNIQUE INDEX,public,uq_review_resp_review ON review_responses,postgres,Active Index
INDEX,public,idx_reviews_driver ON reviews,postgres,Active Index
INDEX,public,idx_reviews_trip ON reviews,postgres,Active Index
INDEX,public,idx_reviews_user ON reviews,postgres,Active Index
PRIMARY KEY INDEX,public,reviews_pkey ON reviews,postgres,Active Index
UNIQUE INDEX,public,uq_reviews_booking ON reviews,postgres,Active Index
INDEX,public,idx_role_permissions_role_id ON role_permissions,postgres,Active Index
PRIMARY KEY INDEX,public,role_permissions_pkey ON role_permissions,postgres,Active Index
UNIQUE INDEX,public,uq_role_permissions_role_perm ON role_permissions,postgres,Active Index
PRIMARY KEY INDEX,public,roles_pkey ON roles,postgres,Active Index
UNIQUE INDEX,public,uq_roles_code ON roles,postgres,Active Index
INDEX,public,idx_route_stops_route_seq ON route_stops,postgres,Active Index
INDEX,public,idx_route_stops_stop ON route_stops,postgres,Active Index
PRIMARY KEY INDEX,public,route_stops_pkey ON route_stops,postgres,Active Index
UNIQUE INDEX,public,uq_route_stops_route_seq ON route_stops,postgres,Active Index
UNIQUE INDEX,public,uq_route_stops_route_stop ON route_stops,postgres,Active Index
INDEX,public,idx_route_versions_current ON route_versions,postgres,Active Index
PRIMARY KEY INDEX,public,route_versions_pkey ON route_versions,postgres,Active Index
UNIQUE INDEX,public,uq_route_versions_route_num ON route_versions,postgres,Active Index
INDEX,public,idx_routes_code ON routes,postgres,Active Index
INDEX,public,idx_routes_origin_dest ON routes,postgres,Active Index
PRIMARY KEY INDEX,public,routes_pkey ON routes,postgres,Active Index
UNIQUE INDEX,public,uq_routes_code ON routes,postgres,Active Index
INDEX,public,idx_sched_stops_sched ON schedule_stops,postgres,Active Index
PRIMARY KEY INDEX,public,schedule_stops_pkey ON schedule_stops,postgres,Active Index
UNIQUE INDEX,public,uq_sched_stops_sched_seq ON schedule_stops,postgres,Active Index
INDEX,public,idx_schema_migrations_success ON schema_migrations,postgres,Active Index
PRIMARY KEY INDEX,public,schema_migrations_pkey ON schema_migrations,postgres,Active Index
INDEX,public,idx_seat_layouts_type ON seat_layouts,postgres,Active Index
PRIMARY KEY INDEX,public,seat_layouts_pkey ON seat_layouts,postgres,Active Index
UNIQUE INDEX,public,uq_seat_layouts_name ON seat_layouts,postgres,Active Index
INDEX,public,idx_seats_layout ON seats,postgres,Active Index
INDEX,public,idx_seats_vehicle ON seats,postgres,Active Index
PRIMARY KEY INDEX,public,seats_pkey ON seats,postgres,Active Index
UNIQUE INDEX,public,uq_seats_layout_deck_row_col ON seats,postgres,Active Index
UNIQUE INDEX,public,uq_seats_layout_number ON seats,postgres,Active Index
INDEX,public,idx_security_events_user_time ON security_events,postgres,Active Index
PRIMARY KEY INDEX,public,security_events_pkey ON security_events,postgres,Active Index
INDEX,public,idx_service_cal_exc_date ON service_calendar_exceptions,postgres,Active Index
PRIMARY KEY INDEX,public,service_calendar_exceptions_pkey ON service_calendar_exceptions,postgres,Active Index
UNIQUE INDEX,public,uq_service_cal_exc_cal_date ON service_calendar_exceptions,postgres,Active Index
INDEX,public,idx_service_cal_range ON service_calendars,postgres,Active Index
PRIMARY KEY INDEX,public,service_calendars_pkey ON service_calendars,postgres,Active Index
INDEX,public,idx_stops_city ON stops,postgres,Active Index
INDEX,public,idx_stops_code ON stops,postgres,Active Index
INDEX,public,idx_stops_coords ON stops,postgres,Active Index
PRIMARY KEY INDEX,public,stops_pkey ON stops,postgres,Active Index
UNIQUE INDEX,public,uq_stops_code ON stops,postgres,Active Index
INDEX,public,idx_support_attach_msg ON support_ticket_attachments,postgres,Active Index
PRIMARY KEY INDEX,public,support_ticket_attachments_pkey ON support_ticket_attachments,postgres,Active Index
INDEX,public,idx_support_messages_ticket ON support_ticket_messages,postgres,Active Index
PRIMARY KEY INDEX,public,support_ticket_messages_pkey ON support_ticket_messages,postgres,Active Index
INDEX,public,idx_support_status_hist_ticket ON support_ticket_status_history,postgres,Active Index
PRIMARY KEY INDEX,public,support_ticket_status_history_pkey ON support_ticket_status_history,postgres,Active Index
INDEX,public,idx_support_tickets_num ON support_tickets,postgres,Active Index
INDEX,public,idx_support_tickets_status ON support_tickets,postgres,Active Index
INDEX,public,idx_support_tickets_user ON support_tickets,postgres,Active Index
PRIMARY KEY INDEX,public,support_tickets_pkey ON support_tickets,postgres,Active Index
UNIQUE INDEX,public,uq_support_tickets_num ON support_tickets,postgres,Active Index
INDEX,public,idx_system_settings_key ON system_settings,postgres,Active Index
PRIMARY KEY INDEX,public,system_settings_pkey ON system_settings,postgres,Active Index
UNIQUE INDEX,public,uq_system_settings_key ON system_settings,postgres,Active Index
INDEX,public,idx_tracking_devices_imei ON tracking_devices,postgres,Active Index
INDEX,public,idx_tracking_devices_vehicle ON tracking_devices,postgres,Active Index
PRIMARY KEY INDEX,public,tracking_devices_pkey ON tracking_devices,postgres,Active Index
UNIQUE INDEX,public,uq_tracking_devices_active_veh ON tracking_devices,postgres,Active Index
UNIQUE INDEX,public,uq_tracking_devices_imei ON tracking_devices,postgres,Active Index
INDEX,public,idx_tracking_events_vehicle_time ON tracking_events,postgres,Active Index
PRIMARY KEY INDEX,public,tracking_events_pkey ON tracking_events,postgres,Active Index
INDEX,public,idx_trip_assign_driver ON trip_assignments,postgres,Active Index
INDEX,public,idx_trip_assign_trip ON trip_assignments,postgres,Active Index
PRIMARY KEY INDEX,public,trip_assignments_pkey ON trip_assignments,postgres,Active Index
INDEX,public,idx_trip_events_trip ON trip_events,postgres,Active Index
INDEX,public,idx_trip_events_type ON trip_events,postgres,Active Index
PRIMARY KEY INDEX,public,trip_events_pkey ON trip_events,postgres,Active Index
INDEX,public,idx_trip_fares_lookup ON trip_fares,postgres,Active Index
PRIMARY KEY INDEX,public,trip_fares_pkey ON trip_fares,postgres,Active Index
UNIQUE INDEX,public,uq_trip_fares_trip_stops_seat ON trip_fares,postgres,Active Index
INDEX,public,idx_trip_schedules_cal ON trip_schedules,postgres,Active Index
INDEX,public,idx_trip_schedules_route ON trip_schedules,postgres,Active Index
PRIMARY KEY INDEX,public,trip_schedules_pkey ON trip_schedules,postgres,Active Index
UNIQUE INDEX,public,uq_trip_schedules_code ON trip_schedules,postgres,Active Index
INDEX,public,idx_trip_status_hist_trip ON trip_status_history,postgres,Active Index
PRIMARY KEY INDEX,public,trip_status_history_pkey ON trip_status_history,postgres,Active Index
INDEX,public,idx_trip_stops_stop ON trip_stops,postgres,Active Index
INDEX,public,idx_trip_stops_trip ON trip_stops,postgres,Active Index
PRIMARY KEY INDEX,public,trip_stops_pkey ON trip_stops,postgres,Active Index
UNIQUE INDEX,public,uq_trip_stops_trip_seq ON trip_stops,postgres,Active Index
UNIQUE INDEX,public,uq_trip_stops_trip_stop ON trip_stops,postgres,Active Index
INDEX,public,idx_trips_driver ON trips,postgres,Active Index
INDEX,public,idx_trips_route_departure ON trips,postgres,Active Index
INDEX,public,idx_trips_status ON trips,postgres,Active Index
INDEX,public,idx_trips_vehicle ON trips,postgres,Active Index
PRIMARY KEY INDEX,public,trips_pkey ON trips,postgres,Active Index
UNIQUE INDEX,public,uq_trips_number ON trips,postgres,Active Index
INDEX,public,idx_user_addresses_user ON user_addresses,postgres,Active Index
PRIMARY KEY INDEX,public,user_addresses_pkey ON user_addresses,postgres,Active Index
INDEX,public,idx_user_preferences_user_id ON user_preferences,postgres,Active Index
UNIQUE INDEX,public,uq_user_preferences_user ON user_preferences,postgres,Active Index
PRIMARY KEY INDEX,public,user_preferences_pkey ON user_preferences,postgres,Active Index
INDEX,public,idx_user_roles_role_id ON user_roles,postgres,Active Index
INDEX,public,idx_user_roles_user_id ON user_roles,postgres,Active Index
UNIQUE INDEX,public,uq_user_roles_user_role ON user_roles,postgres,Active Index
PRIMARY KEY INDEX,public,user_roles_pkey ON user_roles,postgres,Active Index
INDEX,public,idx_user_sessions_active ON user_sessions,postgres,Active Index
INDEX,public,idx_user_sessions_user_id ON user_sessions,postgres,Active Index
UNIQUE INDEX,public,uq_user_sessions_token_hash ON user_sessions,postgres,Active Index
PRIMARY KEY INDEX,public,user_sessions_pkey ON user_sessions,postgres,Active Index
INDEX,public,idx_users_status ON users,postgres,Active Index
UNIQUE INDEX,public,uq_users_email_active ON users,postgres,Active Index
UNIQUE INDEX,public,uq_users_phone_active ON users,postgres,Active Index
PRIMARY KEY INDEX,public,users_pkey ON users,postgres,Active Index
INDEX,public,idx_vehicle_assign_driver ON vehicle_assignments,postgres,Active Index
INDEX,public,idx_vehicle_assign_vehicle ON vehicle_assignments,postgres,Active Index
PRIMARY KEY INDEX,public,vehicle_assignments_pkey ON vehicle_assignments,postgres,Active Index
INDEX,public,idx_vehicle_docs_expiry ON vehicle_documents,postgres,Active Index
INDEX,public,idx_vehicle_docs_vehicle ON vehicle_documents,postgres,Active Index
PRIMARY KEY INDEX,public,vehicle_documents_pkey ON vehicle_documents,postgres,Active Index
INDEX,public,idx_veh_insp_issues_item ON vehicle_inspection_issues,postgres,Active Index
PRIMARY KEY INDEX,public,vehicle_inspection_issues_pkey ON vehicle_inspection_issues,postgres,Active Index
INDEX,public,idx_veh_insp_items_insp ON vehicle_inspection_items,postgres,Active Index
PRIMARY KEY INDEX,public,vehicle_inspection_items_pkey ON vehicle_inspection_items,postgres,Active Index
INDEX,public,idx_vehicle_insp_veh_time ON vehicle_inspections,postgres,Active Index
PRIMARY KEY INDEX,public,vehicle_inspections_pkey ON vehicle_inspections,postgres,Active Index
INDEX,public,idx_loc_hist_trip_time ON vehicle_location_history,postgres,Active Index
INDEX,public,idx_loc_hist_vehicle_time ON vehicle_location_history,postgres,Active Index
PRIMARY KEY INDEX,public,vehicle_location_history_pkey ON vehicle_location_history,postgres,Active Index
PRIMARY KEY INDEX,public,vehicle_location_history_default_pkey ON vehicle_location_history_default,postgres,Active Index
INDEX,public,vehicle_location_history_default_trip_id_recorded_at_idx ON vehicle_location_history_default,postgres,Active Index
INDEX,public,vehicle_location_history_default_vehicle_id_recorded_at_idx ON vehicle_location_history_default,postgres,Active Index
PRIMARY KEY INDEX,public,vehicle_location_history_y2026m09_pkey ON vehicle_location_history_y2026m09,postgres,Active Index
INDEX,public,vehicle_location_history_y2026m09_trip_id_recorded_at_idx ON vehicle_location_history_y2026m09,postgres,Active Index
INDEX,public,vehicle_location_history_y2026m09_vehicle_id_recorded_at_idx ON vehicle_location_history_y2026m09,postgres,Active Index
PRIMARY KEY INDEX,public,vehicle_location_history_y2026m10_pkey ON vehicle_location_history_y2026m10,postgres,Active Index
INDEX,public,vehicle_location_history_y2026m10_trip_id_recorded_at_idx ON vehicle_location_history_y2026m10,postgres,Active Index
INDEX,public,vehicle_location_history_y2026m10_vehicle_id_recorded_at_idx ON vehicle_location_history_y2026m10,postgres,Active Index
PRIMARY KEY INDEX,public,vehicle_location_history_y2026m11_pkey ON vehicle_location_history_y2026m11,postgres,Active Index
INDEX,public,vehicle_location_history_y2026m11_trip_id_recorded_at_idx ON vehicle_location_history_y2026m11,postgres,Active Index
INDEX,public,vehicle_location_history_y2026m11_vehicle_id_recorded_at_idx ON vehicle_location_history_y2026m11,postgres,Active Index
UNIQUE INDEX,public,uq_vehicle_manufacturers_name ON vehicle_manufacturers,postgres,Active Index
PRIMARY KEY INDEX,public,vehicle_manufacturers_pkey ON vehicle_manufacturers,postgres,Active Index
INDEX,public,idx_vehicle_models_mfg ON vehicle_models,postgres,Active Index
UNIQUE INDEX,public,uq_vehicle_models_mfg_name ON vehicle_models,postgres,Active Index
PRIMARY KEY INDEX,public,vehicle_models_pkey ON vehicle_models,postgres,Active Index
INDEX,public,idx_vehicle_status_hist_vehicle ON vehicle_status_history,postgres,Active Index
PRIMARY KEY INDEX,public,vehicle_status_history_pkey ON vehicle_status_history,postgres,Active Index
INDEX,public,idx_vehicle_types_code ON vehicle_types,postgres,Active Index
UNIQUE INDEX,public,uq_vehicle_types_code ON vehicle_types,postgres,Active Index
PRIMARY KEY INDEX,public,vehicle_types_pkey ON vehicle_types,postgres,Active Index
INDEX,public,idx_vehicles_loc ON vehicles,postgres,Active Index
INDEX,public,idx_vehicles_reg_num ON vehicles,postgres,Active Index
INDEX,public,idx_vehicles_status ON vehicles,postgres,Active Index
UNIQUE INDEX,public,uq_vehicles_code ON vehicles,postgres,Active Index
UNIQUE INDEX,public,uq_vehicles_reg_num ON vehicles,postgres,Active Index
UNIQUE INDEX,public,uq_vehicles_vin ON vehicles,postgres,Active Index
PRIMARY KEY INDEX,public,vehicles_pkey ON vehicles,postgres,Active Index
FOREIGN KEY,public,fk_audit_logs_actor (audit_logs -> users),postgres,FK Constraint (SET NULL)
FOREIGN KEY,public,fk_booking_canc_booking (booking_cancellations -> bookings),postgres,FK Constraint (RESTRICT)
FOREIGN KEY,public,fk_booking_canc_user (booking_cancellations -> users),postgres,FK Constraint (RESTRICT)
FOREIGN KEY,public,fk_booking_items_booking (booking_items -> bookings),postgres,FK Constraint (CASCADE)
FOREIGN KEY,public,fk_booking_passengers_booking (booking_passengers -> bookings),postgres,FK Constraint (CASCADE)
FOREIGN KEY,public,fk_booking_resched_new (booking_reschedules -> bookings),postgres,FK Constraint (RESTRICT)
FOREIGN KEY,public,fk_booking_resched_orig (booking_reschedules -> bookings),postgres,FK Constraint (RESTRICT)
FOREIGN KEY,public,fk_booking_resched_user (booking_reschedules -> users),postgres,FK Constraint (RESTRICT)
FOREIGN KEY,public,fk_booking_seats_booking (booking_seats -> bookings),postgres,FK Constraint (CASCADE)
FOREIGN KEY,public,fk_booking_seats_passenger (booking_seats -> booking_passengers),postgres,FK Constraint (CASCADE)
FOREIGN KEY,public,fk_booking_seats_seat (booking_seats -> seats),postgres,FK Constraint (RESTRICT)
FOREIGN KEY,public,fk_booking_seats_trip (booking_seats -> trips),postgres,FK Constraint (RESTRICT)
FOREIGN KEY,public,fk_booking_status_hist_booking (booking_status_history -> bookings),postgres,FK Constraint (CASCADE)
FOREIGN KEY,public,fk_booking_status_hist_user (booking_status_history -> users),postgres,FK Constraint (SET NULL)
FOREIGN KEY,public,fk_bookings_dest (bookings -> stops),postgres,FK Constraint (RESTRICT)
FOREIGN KEY,public,fk_bookings_orig (bookings -> stops),postgres,FK Constraint (RESTRICT)
FOREIGN KEY,public,fk_bookings_trip (bookings -> trips),postgres,FK Constraint (RESTRICT)
FOREIGN KEY,public,fk_bookings_user (bookings -> users),postgres,FK Constraint (RESTRICT)
FOREIGN KEY,public,fk_coupon_redemptions_booking (coupon_redemptions -> bookings),postgres,FK Constraint (RESTRICT)
FOREIGN KEY,public,fk_coupon_redemptions_coupon (coupon_redemptions -> coupons),postgres,FK Constraint (RESTRICT)
FOREIGN KEY,public,fk_coupon_redemptions_user (coupon_redemptions -> users),postgres,FK Constraint (RESTRICT)
FOREIGN KEY,public,fk_coupons_discount (coupons -> discounts),postgres,FK Constraint (RESTRICT)
FOREIGN KEY,public,fk_driver_assign_driver (driver_assignments -> drivers),postgres,FK Constraint (RESTRICT)
FOREIGN KEY,public,fk_driver_assign_trip (driver_assignments -> trips),postgres,FK Constraint (SET NULL)
FOREIGN KEY,public,fk_driver_assign_user (driver_assignments -> users),postgres,FK Constraint (RESTRICT)
FOREIGN KEY,public,fk_driver_assign_vehicle (driver_assignments -> vehicles),postgres,FK Constraint (SET NULL)
FOREIGN KEY,public,fk_driver_avail_driver (driver_availability -> drivers),postgres,FK Constraint (CASCADE)
FOREIGN KEY,public,fk_driver_docs_driver (driver_documents -> drivers),postgres,FK Constraint (RESTRICT)
FOREIGN KEY,public,fk_driver_docs_type (driver_documents -> driver_document_types),postgres,FK Constraint (RESTRICT)
FOREIGN KEY,public,fk_driver_docs_verifier (driver_documents -> users),postgres,FK Constraint (SET NULL)
FOREIGN KEY,public,fk_driver_emerg_contacts_driver (driver_emergency_contacts -> drivers),postgres,FK Constraint (CASCADE)
FOREIGN KEY,public,fk_driver_safety_driver (driver_safety_events -> drivers),postgres,FK Constraint (RESTRICT)
FOREIGN KEY,public,fk_driver_safety_trip (driver_safety_events -> trips),postgres,FK Constraint (SET NULL)
FOREIGN KEY,public,fk_driver_safety_veh (driver_safety_events -> vehicles),postgres,FK Constraint (RESTRICT)
FOREIGN KEY,public,fk_driver_status_hist_driver (driver_status_history -> drivers),postgres,FK Constraint (RESTRICT)
FOREIGN KEY,public,fk_driver_status_hist_user (driver_status_history -> users),postgres,FK Constraint (SET NULL)
FOREIGN KEY,public,fk_driver_verif_driver (driver_verifications -> drivers),postgres,FK Constraint (RESTRICT)
FOREIGN KEY,public,fk_driver_verif_user (driver_verifications -> users),postgres,FK Constraint (RESTRICT)
FOREIGN KEY,public,fk_drivers_user (drivers -> users),postgres,FK Constraint (RESTRICT)
FOREIGN KEY,public,fk_email_verify_user (email_verification_tokens -> users),postgres,FK Constraint (CASCADE)
FOREIGN KEY,public,fk_emergency_contacts_user (emergency_contacts -> users),postgres,FK Constraint (CASCADE)
FOREIGN KEY,public,fk_emergency_events_trip (emergency_events -> trips),postgres,FK Constraint (RESTRICT)
FOREIGN KEY,public,fk_emergency_events_user (emergency_events -> users),postgres,FK Constraint (RESTRICT)
FOREIGN KEY,public,fk_emergency_events_veh (emergency_events -> vehicles),postgres,FK Constraint (RESTRICT)
FOREIGN KEY,public,fk_fare_prices_rule (fare_prices -> fare_rules),postgres,FK Constraint (CASCADE)
FOREIGN KEY,public,fk_fare_rules_product (fare_rules -> fare_products),postgres,FK Constraint (RESTRICT)
FOREIGN KEY,public,fk_fare_rules_route (fare_rules -> routes),postgres,FK Constraint (CASCADE)
FOREIGN KEY,public,fk_fare_rules_vtype (fare_rules -> vehicle_types),postgres,FK Constraint (SET NULL)
FOREIGN KEY,public,fk_file_attachments_uploader (file_attachments -> users),postgres,FK Constraint (RESTRICT)
FOREIGN KEY,public,fk_geofence_events_fence (geofence_events -> geofences),postgres,FK Constraint (RESTRICT)
FOREIGN KEY,public,fk_geofence_events_trip (geofence_events -> trips),postgres,FK Constraint (SET NULL)
FOREIGN KEY,public,fk_geofence_events_veh (geofence_events -> vehicles),postgres,FK Constraint (RESTRICT)
FOREIGN KEY,public,fk_incident_actions_incident (incident_actions -> incidents),postgres,FK Constraint (CASCADE)
FOREIGN KEY,public,fk_incident_actions_user (incident_actions -> users),postgres,FK Constraint (RESTRICT)
FOREIGN KEY,public,fk_incident_reports_incident (incident_reports -> incidents),postgres,FK Constraint (CASCADE)
FOREIGN KEY,public,fk_incident_reports_user (incident_reports -> users),postgres,FK Constraint (RESTRICT)
FOREIGN KEY,public,fk_incidents_driver (incidents -> drivers),postgres,FK Constraint (SET NULL)
FOREIGN KEY,public,fk_incidents_reporter (incidents -> users),postgres,FK Constraint (RESTRICT)
FOREIGN KEY,public,fk_incidents_trip (incidents -> trips),postgres,FK Constraint (SET NULL)
FOREIGN KEY,public,fk_incidents_type (incidents -> incident_types),postgres,FK Constraint (RESTRICT)
FOREIGN KEY,public,fk_incidents_vehicle (incidents -> vehicles),postgres,FK Constraint (SET NULL)
FOREIGN KEY,public,fk_invoice_items_invoice (invoice_items -> invoices),postgres,FK Constraint (CASCADE)
FOREIGN KEY,public,fk_invoices_booking (invoices -> bookings),postgres,FK Constraint (RESTRICT)
FOREIGN KEY,public,fk_invoices_user (invoices -> users),postgres,FK Constraint (RESTRICT)
FOREIGN KEY,public,fk_login_attempts_user (login_attempts -> users),postgres,FK Constraint (SET NULL)
FOREIGN KEY,public,fk_lost_found_items_report (lost_found_items -> lost_found_reports),postgres,FK Constraint (CASCADE)
FOREIGN KEY,public,fk_lost_found_stop (lost_found_reports -> stops),postgres,FK Constraint (SET NULL)
FOREIGN KEY,public,fk_lost_found_trip (lost_found_reports -> trips),postgres,FK Constraint (SET NULL)
FOREIGN KEY,public,fk_lost_found_user (lost_found_reports -> users),postgres,FK Constraint (SET NULL)
FOREIGN KEY,public,fk_lost_found_veh (lost_found_reports -> vehicles),postgres,FK Constraint (SET NULL)
FOREIGN KEY,public,fk_lost_found_hist_report (lost_found_status_history -> lost_found_reports),postgres,FK Constraint (CASCADE)
FOREIGN KEY,public,fk_lost_found_hist_user (lost_found_status_history -> users),postgres,FK Constraint (SET NULL)
FOREIGN KEY,public,fk_maint_items_record (maintenance_items -> maintenance_records),postgres,FK Constraint (CASCADE)
FOREIGN KEY,public,fk_maint_parts_item (maintenance_parts -> maintenance_items),postgres,FK Constraint (CASCADE)
FOREIGN KEY,public,fk_maint_records_veh (maintenance_records -> vehicles),postgres,FK Constraint (RESTRICT)
FOREIGN KEY,public,fk_maint_sched_veh (maintenance_schedules -> vehicles),postgres,FK Constraint (CASCADE)
FOREIGN KEY,public,fk_maint_sched_vtype (maintenance_schedules -> vehicle_types),postgres,FK Constraint (SET NULL)
FOREIGN KEY,public,fk_notif_deliveries_notif (notification_deliveries -> notifications),postgres,FK Constraint (CASCADE)
FOREIGN KEY,public,fk_notif_pref_user (notification_preferences -> users),postgres,FK Constraint (CASCADE)
FOREIGN KEY,public,fk_notifications_user (notifications -> users),postgres,FK Constraint (CASCADE)
FOREIGN KEY,public,fk_passenger_profiles_user (passenger_profiles -> users),postgres,FK Constraint (CASCADE)
FOREIGN KEY,public,fk_password_reset_user (password_reset_tokens -> users),postgres,FK Constraint (CASCADE)
FOREIGN KEY,public,fk_payment_attempts_payment (payment_attempts -> payments),postgres,FK Constraint (CASCADE)
FOREIGN KEY,public,fk_payment_methods_user (payment_methods -> users),postgres,FK Constraint (CASCADE)
FOREIGN KEY,public,fk_payment_tx_payment (payment_transactions -> payments),postgres,FK Constraint (RESTRICT)
FOREIGN KEY,public,fk_payments_booking (payments -> bookings),postgres,FK Constraint (RESTRICT)
FOREIGN KEY,public,fk_refund_tx_refund (refund_transactions -> refunds),postgres,FK Constraint (RESTRICT)
FOREIGN KEY,public,fk_refunds_booking (refunds -> bookings),postgres,FK Constraint (RESTRICT)
FOREIGN KEY,public,fk_refunds_payment (refunds -> payments),postgres,FK Constraint (RESTRICT)
FOREIGN KEY,public,fk_review_resp_review (review_responses -> reviews),postgres,FK Constraint (CASCADE)
FOREIGN KEY,public,fk_review_resp_user (review_responses -> users),postgres,FK Constraint (RESTRICT)
FOREIGN KEY,public,fk_reviews_booking (reviews -> bookings),postgres,FK Constraint (RESTRICT)
FOREIGN KEY,public,fk_reviews_driver (reviews -> drivers),postgres,FK Constraint (SET NULL)
FOREIGN KEY,public,fk_reviews_trip (reviews -> trips),postgres,FK Constraint (RESTRICT)
FOREIGN KEY,public,fk_reviews_user (reviews -> users),postgres,FK Constraint (RESTRICT)
FOREIGN KEY,public,fk_reviews_vehicle (reviews -> vehicles),postgres,FK Constraint (SET NULL)
FOREIGN KEY,public,fk_role_permissions_permission (role_permissions -> permissions),postgres,FK Constraint (CASCADE)
FOREIGN KEY,public,fk_role_permissions_role (role_permissions -> roles),postgres,FK Constraint (CASCADE)
FOREIGN KEY,public,fk_route_stops_route (route_stops -> routes),postgres,FK Constraint (CASCADE)
FOREIGN KEY,public,fk_route_stops_stop (route_stops -> stops),postgres,FK Constraint (RESTRICT)
FOREIGN KEY,public,fk_route_versions_route (route_versions -> routes),postgres,FK Constraint (CASCADE)
FOREIGN KEY,public,fk_routes_dest (routes -> stops),postgres,FK Constraint (RESTRICT)
FOREIGN KEY,public,fk_routes_origin (routes -> stops),postgres,FK Constraint (RESTRICT)
FOREIGN KEY,public,fk_sched_stops_sched (schedule_stops -> trip_schedules),postgres,FK Constraint (CASCADE)
FOREIGN KEY,public,fk_sched_stops_stop (schedule_stops -> stops),postgres,FK Constraint (RESTRICT)
FOREIGN KEY,public,fk_seat_layouts_type (seat_layouts -> vehicle_types),postgres,FK Constraint (RESTRICT)
FOREIGN KEY,public,fk_seats_layout (seats -> seat_layouts),postgres,FK Constraint (CASCADE)
FOREIGN KEY,public,fk_seats_vehicle (seats -> vehicles),postgres,FK Constraint (CASCADE)
FOREIGN KEY,public,fk_security_events_user (security_events -> users),postgres,FK Constraint (RESTRICT)
FOREIGN KEY,public,fk_service_cal_exc_cal (service_calendar_exceptions -> service_calendars),postgres,FK Constraint (CASCADE)
FOREIGN KEY,public,fk_support_attach_file (support_ticket_attachments -> file_attachments),postgres,FK Constraint (RESTRICT)
FOREIGN KEY,public,fk_support_attach_msg (support_ticket_attachments -> support_ticket_messages),postgres,FK Constraint (CASCADE)
FOREIGN KEY,public,fk_support_messages_sender (support_ticket_messages -> users),postgres,FK Constraint (RESTRICT)
FOREIGN KEY,public,fk_support_messages_ticket (support_ticket_messages -> support_tickets),postgres,FK Constraint (CASCADE)
FOREIGN KEY,public,fk_support_status_hist_ticket (support_ticket_status_history -> support_tickets),postgres,FK Constraint (CASCADE)
FOREIGN KEY,public,fk_support_status_hist_user (support_ticket_status_history -> users),postgres,FK Constraint (SET NULL)
FOREIGN KEY,public,fk_support_tickets_agent (support_tickets -> users),postgres,FK Constraint (SET NULL)
FOREIGN KEY,public,fk_support_tickets_booking (support_tickets -> bookings),postgres,FK Constraint (SET NULL)
FOREIGN KEY,public,fk_support_tickets_trip (support_tickets -> trips),postgres,FK Constraint (SET NULL)
FOREIGN KEY,public,fk_support_tickets_user (support_tickets -> users),postgres,FK Constraint (RESTRICT)
FOREIGN KEY,public,fk_tracking_dev_vehicle (tracking_devices -> vehicles),postgres,FK Constraint (SET NULL)
FOREIGN KEY,public,fk_tracking_events_dev (tracking_events -> tracking_devices),postgres,FK Constraint (CASCADE)
FOREIGN KEY,public,fk_tracking_events_veh (tracking_events -> vehicles),postgres,FK Constraint (CASCADE)
FOREIGN KEY,public,fk_trip_assign_driver (trip_assignments -> drivers),postgres,FK Constraint (RESTRICT)
FOREIGN KEY,public,fk_trip_assign_trip (trip_assignments -> trips),postgres,FK Constraint (CASCADE)
FOREIGN KEY,public,fk_trip_assign_vehicle (trip_assignments -> vehicles),postgres,FK Constraint (RESTRICT)
FOREIGN KEY,public,fk_trip_events_driver (trip_events -> drivers),postgres,FK Constraint (SET NULL)
FOREIGN KEY,public,fk_trip_events_trip (trip_events -> trips),postgres,FK Constraint (CASCADE)
FOREIGN KEY,public,fk_trip_events_vehicle (trip_events -> vehicles),postgres,FK Constraint (SET NULL)
FOREIGN KEY,public,fk_trip_fares_dest (trip_fares -> stops),postgres,FK Constraint (RESTRICT)
FOREIGN KEY,public,fk_trip_fares_orig (trip_fares -> stops),postgres,FK Constraint (RESTRICT)
FOREIGN KEY,public,fk_trip_fares_trip (trip_fares -> trips),postgres,FK Constraint (CASCADE)
FOREIGN KEY,public,fk_trip_schedules_cal (trip_schedules -> service_calendars),postgres,FK Constraint (RESTRICT)
FOREIGN KEY,public,fk_trip_schedules_route (trip_schedules -> routes),postgres,FK Constraint (RESTRICT)
FOREIGN KEY,public,fk_trip_status_hist_trip (trip_status_history -> trips),postgres,FK Constraint (CASCADE)
FOREIGN KEY,public,fk_trip_status_hist_user (trip_status_history -> users),postgres,FK Constraint (SET NULL)
FOREIGN KEY,public,fk_trip_stops_stop (trip_stops -> stops),postgres,FK Constraint (RESTRICT)
FOREIGN KEY,public,fk_trip_stops_trip (trip_stops -> trips),postgres,FK Constraint (CASCADE)
FOREIGN KEY,public,fk_trips_driver1 (trips -> drivers),postgres,FK Constraint (RESTRICT)
FOREIGN KEY,public,fk_trips_driver2 (trips -> drivers),postgres,FK Constraint (RESTRICT)
FOREIGN KEY,public,fk_trips_route (trips -> routes),postgres,FK Constraint (RESTRICT)
FOREIGN KEY,public,fk_trips_schedule (trips -> trip_schedules),postgres,FK Constraint (SET NULL)
FOREIGN KEY,public,fk_trips_stop (trips -> stops),postgres,FK Constraint (SET NULL)
FOREIGN KEY,public,fk_trips_vehicle (trips -> vehicles),postgres,FK Constraint (SET NULL)
FOREIGN KEY,public,fk_user_addresses_user (user_addresses -> users),postgres,FK Constraint (CASCADE)
FOREIGN KEY,public,fk_user_preferences_user (user_preferences -> users),postgres,FK Constraint (CASCADE)
FOREIGN KEY,public,fk_user_roles_assigned_by (user_roles -> users),postgres,FK Constraint (SET NULL)
FOREIGN KEY,public,fk_user_roles_role (user_roles -> roles),postgres,FK Constraint (RESTRICT)
FOREIGN KEY,public,fk_user_roles_user (user_roles -> users),postgres,FK Constraint (CASCADE)
FOREIGN KEY,public,fk_user_sessions_user (user_sessions -> users),postgres,FK Constraint (CASCADE)
FOREIGN KEY,public,fk_vehicle_assign_driver (vehicle_assignments -> drivers),postgres,FK Constraint (RESTRICT)
FOREIGN KEY,public,fk_vehicle_assign_trip (vehicle_assignments -> trips),postgres,FK Constraint (SET NULL)
FOREIGN KEY,public,fk_vehicle_assign_user (vehicle_assignments -> users),postgres,FK Constraint (RESTRICT)
FOREIGN KEY,public,fk_vehicle_assign_vehicle (vehicle_assignments -> vehicles),postgres,FK Constraint (RESTRICT)
FOREIGN KEY,public,fk_vehicle_docs_vehicle (vehicle_documents -> vehicles),postgres,FK Constraint (RESTRICT)
FOREIGN KEY,public,fk_veh_insp_issues_item (vehicle_inspection_issues -> vehicle_inspection_items),postgres,FK Constraint (CASCADE)
FOREIGN KEY,public,fk_veh_insp_items_insp (vehicle_inspection_items -> vehicle_inspections),postgres,FK Constraint (CASCADE)
FOREIGN KEY,public,fk_vehicle_insp_trip (vehicle_inspections -> trips),postgres,FK Constraint (SET NULL)
FOREIGN KEY,public,fk_vehicle_insp_user (vehicle_inspections -> users),postgres,FK Constraint (RESTRICT)
FOREIGN KEY,public,fk_vehicle_insp_veh (vehicle_inspections -> vehicles),postgres,FK Constraint (RESTRICT)
FOREIGN KEY,public,fk_loc_hist_driver (vehicle_location_history -> drivers),postgres,FK Constraint (SET NULL)
FOREIGN KEY,public,fk_loc_hist_trip (vehicle_location_history -> trips),postgres,FK Constraint (SET NULL)
FOREIGN KEY,public,fk_loc_hist_vehicle (vehicle_location_history -> vehicles),postgres,FK Constraint (RESTRICT)
FOREIGN KEY,public,fk_loc_hist_driver (vehicle_location_history_default -> drivers),postgres,FK Constraint (SET NULL)
FOREIGN KEY,public,fk_loc_hist_trip (vehicle_location_history_default -> trips),postgres,FK Constraint (SET NULL)
FOREIGN KEY,public,fk_loc_hist_vehicle (vehicle_location_history_default -> vehicles),postgres,FK Constraint (RESTRICT)
FOREIGN KEY,public,fk_loc_hist_driver (vehicle_location_history_y2026m09 -> drivers),postgres,FK Constraint (SET NULL)
FOREIGN KEY,public,fk_loc_hist_trip (vehicle_location_history_y2026m09 -> trips),postgres,FK Constraint (SET NULL)
FOREIGN KEY,public,fk_loc_hist_vehicle (vehicle_location_history_y2026m09 -> vehicles),postgres,FK Constraint (RESTRICT)
FOREIGN KEY,public,fk_loc_hist_driver (vehicle_location_history_y2026m10 -> drivers),postgres,FK Constraint (SET NULL)
FOREIGN KEY,public,fk_loc_hist_trip (vehicle_location_history_y2026m10 -> trips),postgres,FK Constraint (SET NULL)
FOREIGN KEY,public,fk_loc_hist_vehicle (vehicle_location_history_y2026m10 -> vehicles),postgres,FK Constraint (RESTRICT)
FOREIGN KEY,public,fk_loc_hist_driver (vehicle_location_history_y2026m11 -> drivers),postgres,FK Constraint (SET NULL)
FOREIGN KEY,public,fk_loc_hist_trip (vehicle_location_history_y2026m11 -> trips),postgres,FK Constraint (SET NULL)
FOREIGN KEY,public,fk_loc_hist_vehicle (vehicle_location_history_y2026m11 -> vehicles),postgres,FK Constraint (RESTRICT)
FOREIGN KEY,public,fk_vehicle_models_mfg (vehicle_models -> vehicle_manufacturers),postgres,FK Constraint (RESTRICT)
FOREIGN KEY,public,fk_vehicle_status_hist_user (vehicle_status_history -> users),postgres,FK Constraint (SET NULL)
FOREIGN KEY,public,fk_vehicle_status_hist_vehicle (vehicle_status_history -> vehicles),postgres,FK Constraint (RESTRICT)
FOREIGN KEY,public,fk_vehicles_mfg (vehicles -> vehicle_manufacturers),postgres,FK Constraint (RESTRICT)
FOREIGN KEY,public,fk_vehicles_model (vehicles -> vehicle_models),postgres,FK Constraint (RESTRICT)
FOREIGN KEY,public,fk_vehicles_type (vehicles -> vehicle_types),postgres,FK Constraint (RESTRICT)
CHECK CONSTRAINT,public,chk_audit_logs_action ON audit_logs,postgres,"Check: CHECK (((action)::text = ANY ((ARRAY['INSERT'::character varying, 'UPDATE'::character varying, 'DELETE'::character varying, 'STATE_TRANSITION'::character varying])::text[])))"
CHECK CONSTRAINT,public,chk_booking_canc_amts ON booking_cancellations,postgres,Check: CHECK (((cancellation_fee >= (0)::numeric) AND (refund_amount >= (0)::numeric)))
CHECK CONSTRAINT,public,chk_booking_items_qty ON booking_items,postgres,Check: CHECK ((quantity > 0))
CHECK CONSTRAINT,public,chk_booking_items_totals ON booking_items,postgres,Check: CHECK ((total_price = ((quantity)::numeric * unit_price)))
CHECK CONSTRAINT,public,chk_booking_resched_diff ON booking_reschedules,postgres,Check: CHECK ((original_booking_id <> new_booking_id))
CHECK CONSTRAINT,public,chk_booking_seats_status ON booking_seats,postgres,"Check: CHECK (((status)::text = ANY ((ARRAY['PENDING'::character varying, 'CONFIRMED'::character varying, 'CANCELLED'::character varying, 'RESCHEDULED'::character varying])::text[])))"
CHECK CONSTRAINT,public,chk_bookings_amounts ON bookings,postgres,Check: CHECK (((subtotal >= (0)::numeric) AND (discount_amount >= (0)::numeric) AND (tax_amount >= (0)::numeric) AND (total_amount >= (0)::numeric)))
CHECK CONSTRAINT,public,chk_bookings_pay_status ON bookings,postgres,"Check: CHECK (((payment_status)::text = ANY ((ARRAY['UNPAID'::character varying, 'PENDING'::character varying, 'AUTHORIZED'::character varying, 'PAID'::character varying, 'PARTIALLY_REFUNDED'::character varying, 'REFUNDED'::character varying, 'FAILED'::character varying])::text[])))"
CHECK CONSTRAINT,public,chk_bookings_status ON bookings,postgres,"Check: CHECK (((status)::text = ANY ((ARRAY['PENDING'::character varying, 'CONFIRMED'::character varying, 'PARTIALLY_CONFIRMED'::character varying, 'CANCELLED'::character varying, 'COMPLETED'::character varying, 'EXPIRED'::character varying, 'REFUNDED'::character varying])::text[])))"
CHECK CONSTRAINT,public,chk_bookings_totals ON bookings,postgres,Check: CHECK ((total_amount = (((subtotal - discount_amount) + tax_amount) + service_fee)))
CHECK CONSTRAINT,public,chk_coupon_redemptions_amt ON coupon_redemptions,postgres,Check: CHECK ((discount_amount > 0.00))
CHECK CONSTRAINT,public,chk_coupons_usage ON coupons,postgres,Check: CHECK ((times_used <= usage_limit))
CHECK CONSTRAINT,public,chk_discounts_type ON discounts,postgres,"Check: CHECK (((discount_type)::text = ANY ((ARRAY['PERCENTAGE'::character varying, 'FIXED_AMOUNT'::character varying])::text[])))"
CHECK CONSTRAINT,public,chk_discounts_val ON discounts,postgres,Check: CHECK ((discount_value > (0)::numeric))
CHECK CONSTRAINT,public,chk_discounts_window ON discounts,postgres,Check: CHECK ((expires_at > starts_at))
CHECK CONSTRAINT,public,chk_driver_assign_status ON driver_assignments,postgres,"Check: CHECK (((status)::text = ANY ((ARRAY['SCHEDULED'::character varying, 'ACTIVE'::character varying, 'COMPLETED'::character varying, 'CANCELLED'::character varying])::text[])))"
CHECK CONSTRAINT,public,chk_driver_avail_day ON driver_availability,postgres,Check: CHECK (((day_of_week >= 0) AND (day_of_week <= 6)))
CHECK CONSTRAINT,public,chk_driver_avail_time ON driver_availability,postgres,Check: CHECK ((end_time > start_time))
CHECK CONSTRAINT,public,chk_driver_docs_dates ON driver_documents,postgres,Check: CHECK (((expiry_date IS NULL) OR (issued_date IS NULL) OR (expiry_date >= issued_date)))
CHECK CONSTRAINT,public,chk_driver_docs_status ON driver_documents,postgres,"Check: CHECK (((verification_status)::text = ANY ((ARRAY['PENDING'::character varying, 'VERIFIED'::character varying, 'REJECTED'::character varying, 'EXPIRED'::character varying])::text[])))"
CHECK CONSTRAINT,public,chk_driver_safety_type ON driver_safety_events,postgres,"Check: CHECK (((event_type)::text = ANY ((ARRAY['HARSH_BRAKING'::character varying, 'OVERSPEED'::character varying, 'RAPID_ACCEL'::character varying, 'GEOFENCE_VIOLATION'::character varying, 'DROWSINESS'::character varying, 'HOURS_EXCEEDED'::character varying])::text[])))"
CHECK CONSTRAINT,public,chk_drivers_emp_status ON drivers,postgres,"Check: CHECK (((employment_status)::text = ANY ((ARRAY['ACTIVE'::character varying, 'ON_LEAVE'::character varying, 'SUSPENDED'::character varying, 'TERMINATED'::character varying])::text[])))"
CHECK CONSTRAINT,public,chk_drivers_rating ON drivers,postgres,Check: CHECK (((rating_average >= 1.00) AND (rating_average <= 5.00)))
CHECK CONSTRAINT,public,chk_drivers_verif_status ON drivers,postgres,"Check: CHECK (((verification_status)::text = ANY ((ARRAY['PENDING'::character varying, 'VERIFIED'::character varying, 'REJECTED'::character varying])::text[])))"
CHECK CONSTRAINT,public,chk_emergency_events_status ON emergency_events,postgres,"Check: CHECK (((status)::text = ANY ((ARRAY['TRIGGERED'::character varying, 'DISPATCHED'::character varying, 'FALSE_ALARM'::character varying, 'RESOLVED'::character varying])::text[])))"
CHECK CONSTRAINT,public,chk_fare_prices_amount ON fare_prices,postgres,Check: CHECK ((base_amount >= 0.00))
CHECK CONSTRAINT,public,chk_fare_prices_tax ON fare_prices,postgres,Check: CHECK (((tax_percentage >= 0.00) AND (tax_percentage <= 100.00)))
CHECK CONSTRAINT,public,chk_fare_products_type ON fare_products,postgres,"Check: CHECK (((fare_type)::text = ANY ((ARRAY['FLAT'::character varying, 'DISTANCE_BASED'::character varying, 'ZONE_BASED'::character varying, 'DYNAMIC'::character varying])::text[])))"
CHECK CONSTRAINT,public,chk_fare_rules_base ON fare_rules,postgres,Check: CHECK ((base_fare >= 0.00))
CHECK CONSTRAINT,public,chk_fare_rules_rate ON fare_rules,postgres,Check: CHECK ((per_km_rate >= 0.00))
CHECK CONSTRAINT,public,chk_file_attachments_size ON file_attachments,postgres,Check: CHECK ((file_size > 0))
CHECK CONSTRAINT,public,chk_geofence_events_type ON geofence_events,postgres,"Check: CHECK (((event_type)::text = ANY ((ARRAY['ENTER'::character varying, 'EXIT'::character varying])::text[])))"
CHECK CONSTRAINT,public,chk_geofences_lat ON geofences,postgres,Check: CHECK (((latitude >= '-90.0'::numeric) AND (latitude <= 90.0)))
CHECK CONSTRAINT,public,chk_geofences_lon ON geofences,postgres,Check: CHECK (((longitude >= '-180.0'::numeric) AND (longitude <= 180.0)))
CHECK CONSTRAINT,public,chk_geofences_radius ON geofences,postgres,Check: CHECK ((radius_meters > 0))
CHECK CONSTRAINT,public,chk_incidents_severity ON incidents,postgres,"Check: CHECK (((severity)::text = ANY ((ARRAY['LOW'::character varying, 'MEDIUM'::character varying, 'HIGH'::character varying, 'CRITICAL'::character varying])::text[])))"
CHECK CONSTRAINT,public,chk_incidents_status ON incidents,postgres,"Check: CHECK (((status)::text = ANY ((ARRAY['OPEN'::character varying, 'INVESTIGATING'::character varying, 'ACTION_REQUIRED'::character varying, 'RESOLVED'::character varying, 'CLOSED'::character varying])::text[])))"
CHECK CONSTRAINT,public,chk_invoice_items_totals ON invoice_items,postgres,Check: CHECK ((total_amount = (((quantity)::numeric * unit_price) + tax_amount)))
CHECK CONSTRAINT,public,chk_invoices_status ON invoices,postgres,"Check: CHECK (((status)::text = ANY ((ARRAY['DRAFT'::character varying, 'ISSUED'::character varying, 'PAID'::character varying, 'VOID'::character varying, 'REFUNDED'::character varying])::text[])))"
CHECK CONSTRAINT,public,chk_invoices_totals ON invoices,postgres,Check: CHECK ((total = ((subtotal - discount) + tax)))
CHECK CONSTRAINT,public,chk_login_attempts_status ON login_attempts,postgres,"Check: CHECK (((status)::text = ANY ((ARRAY['SUCCESS'::character varying, 'INVALID_CREDENTIALS'::character varying, 'LOCKED_OUT'::character varying, 'SUSPENDED'::character varying, 'MFA_REQUIRED'::character varying])::text[])))"
CHECK CONSTRAINT,public,chk_lost_found_status ON lost_found_reports,postgres,"Check: CHECK (((status)::text = ANY ((ARRAY['REPORTED'::character varying, 'FOUND_IN_STORAGE'::character varying, 'CLAIMED'::character varying, 'AUCTIONED_DISPOSED'::character varying, 'UNRESOLVED'::character varying])::text[])))"
CHECK CONSTRAINT,public,chk_maint_items_cost ON maintenance_items,postgres,Check: CHECK ((item_cost >= 0.00))
CHECK CONSTRAINT,public,chk_maint_parts_total ON maintenance_parts,postgres,Check: CHECK ((total_cost = (quantity * unit_cost)))
CHECK CONSTRAINT,public,chk_maint_records_cost ON maintenance_records,postgres,Check: CHECK ((cost >= 0.00))
CHECK CONSTRAINT,public,chk_maint_records_status ON maintenance_records,postgres,"Check: CHECK (((status)::text = ANY ((ARRAY['SCHEDULED'::character varying, 'IN_PROGRESS'::character varying, 'COMPLETED'::character varying, 'CANCELLED'::character varying])::text[])))"
CHECK CONSTRAINT,public,chk_maint_sched_intervals ON maintenance_schedules,postgres,Check: CHECK (((interval_km > 0) AND (interval_days > 0)))
CHECK CONSTRAINT,public,chk_notif_pref_chan ON notification_preferences,postgres,"Check: CHECK (((channel)::text = ANY ((ARRAY['EMAIL'::character varying, 'SMS'::character varying, 'PUSH'::character varying, 'IN_APP'::character varying])::text[])))"
CHECK CONSTRAINT,public,chk_notif_templates_chan ON notification_templates,postgres,"Check: CHECK (((channel)::text = ANY ((ARRAY['EMAIL'::character varying, 'SMS'::character varying, 'PUSH'::character varying, 'IN_APP'::character varying])::text[])))"
CHECK CONSTRAINT,public,chk_notifications_chan ON notifications,postgres,"Check: CHECK (((channel)::text = ANY ((ARRAY['EMAIL'::character varying, 'SMS'::character varying, 'PUSH'::character varying, 'IN_APP'::character varying])::text[])))"
CHECK CONSTRAINT,public,chk_notifications_status ON notifications,postgres,"Check: CHECK (((status)::text = ANY ((ARRAY['QUEUED'::character varying, 'SENT'::character varying, 'DELIVERED'::character varying, 'FAILED'::character varying, 'READ'::character varying])::text[])))"
CHECK CONSTRAINT,public,chk_payment_methods_expiry ON payment_methods,postgres,Check: CHECK (((expiry_month IS NULL) OR ((expiry_month >= 1) AND (expiry_month <= 12))))
CHECK CONSTRAINT,public,chk_payment_tx_amount ON payment_transactions,postgres,Check: CHECK ((amount > 0.00))
CHECK CONSTRAINT,public,chk_payments_amount ON payments,postgres,Check: CHECK ((amount > 0.00))
CHECK CONSTRAINT,public,chk_payments_status ON payments,postgres,"Check: CHECK (((status)::text = ANY ((ARRAY['INITIATED'::character varying, 'PENDING'::character varying, 'AUTHORIZED'::character varying, 'CAPTURED'::character varying, 'FAILED'::character varying, 'CANCELLED'::character varying, 'REFUNDED'::character varying, 'PARTIALLY_REFUNDED'::character varying])::text[])))"
CHECK CONSTRAINT,public,chk_refund_tx_amount ON refund_transactions,postgres,Check: CHECK ((amount > 0.00))
CHECK CONSTRAINT,public,chk_refunds_amount ON refunds,postgres,Check: CHECK ((amount > 0.00))
CHECK CONSTRAINT,public,chk_refunds_status ON refunds,postgres,"Check: CHECK (((status)::text = ANY ((ARRAY['REQUESTED'::character varying, 'PROCESSING'::character varying, 'SUCCEEDED'::character varying, 'FAILED'::character varying, 'CANCELLED'::character varying])::text[])))"
CHECK CONSTRAINT,public,chk_reviews_rating ON reviews,postgres,Check: CHECK (((rating >= 1) AND (rating <= 5)))
CHECK CONSTRAINT,public,chk_reviews_status ON reviews,postgres,"Check: CHECK (((status)::text = ANY ((ARRAY['PENDING'::character varying, 'PUBLISHED'::character varying, 'MODERATED'::character varying, 'HIDDEN'::character varying])::text[])))"
CHECK CONSTRAINT,public,chk_route_stops_offsets ON route_stops,postgres,Check: CHECK ((departure_offset_minutes >= arrival_offset_minutes))
CHECK CONSTRAINT,public,chk_route_stops_seq ON route_stops,postgres,Check: CHECK ((sequence_number >= 1))
CHECK CONSTRAINT,public,chk_routes_diff_stops ON routes,postgres,Check: CHECK ((origin_stop_id <> destination_stop_id))
CHECK CONSTRAINT,public,chk_routes_dist ON routes,postgres,Check: CHECK ((distance_km > 0.0))
CHECK CONSTRAINT,public,chk_routes_dur ON routes,postgres,Check: CHECK ((estimated_duration_minutes > 0))
CHECK CONSTRAINT,public,chk_routes_status ON routes,postgres,"Check: CHECK (((status)::text = ANY ((ARRAY['ACTIVE'::character varying, 'INACTIVE'::character varying, 'SUSPENDED'::character varying])::text[])))"
CHECK CONSTRAINT,public,chk_schema_migrations_time ON schema_migrations,postgres,Check: CHECK ((execution_time_ms >= 0))
CHECK CONSTRAINT,public,chk_seat_layouts_dims ON seat_layouts,postgres,"Check: CHECK (((total_rows > 0) AND (total_columns > 0) AND (total_decks = ANY (ARRAY[1, 2]))))"
CHECK CONSTRAINT,public,chk_seats_deck ON seats,postgres,"Check: CHECK ((deck = ANY (ARRAY[1, 2])))"
CHECK CONSTRAINT,public,chk_seats_type ON seats,postgres,"Check: CHECK (((seat_type)::text = ANY ((ARRAY['REGULAR'::character varying, 'PREMIUM'::character varying, 'LADIES'::character varying, 'ACCESSIBLE'::character varying, 'DRIVER'::character varying, 'CONDUCTOR'::character varying, 'RESERVED'::character varying])::text[])))"
CHECK CONSTRAINT,public,chk_service_cal_exc_type ON service_calendar_exceptions,postgres,"Check: CHECK (((exception_type)::text = ANY ((ARRAY['ADDED'::character varying, 'REMOVED'::character varying])::text[])))"
CHECK CONSTRAINT,public,chk_service_cal_dates ON service_calendars,postgres,Check: CHECK ((end_date >= start_date))
CHECK CONSTRAINT,public,chk_stops_lat ON stops,postgres,Check: CHECK (((latitude >= '-90.0'::numeric) AND (latitude <= 90.0)))
CHECK CONSTRAINT,public,chk_stops_lon ON stops,postgres,Check: CHECK (((longitude >= '-180.0'::numeric) AND (longitude <= 180.0)))
CHECK CONSTRAINT,public,chk_stops_radius ON stops,postgres,Check: CHECK ((geofence_radius_meters >= 10))
CHECK CONSTRAINT,public,chk_stops_status ON stops,postgres,"Check: CHECK (((status)::text = ANY ((ARRAY['ACTIVE'::character varying, 'INACTIVE'::character varying, 'TEMPORARILY_CLOSED'::character varying])::text[])))"
CHECK CONSTRAINT,public,chk_support_tickets_priority ON support_tickets,postgres,"Check: CHECK (((priority)::text = ANY ((ARRAY['LOW'::character varying, 'MEDIUM'::character varying, 'HIGH'::character varying, 'URGENT'::character varying])::text[])))"
CHECK CONSTRAINT,public,chk_support_tickets_status ON support_tickets,postgres,"Check: CHECK (((status)::text = ANY ((ARRAY['OPEN'::character varying, 'IN_PROGRESS'::character varying, 'WAITING_ON_CUSTOMER'::character varying, 'RESOLVED'::character varying, 'CLOSED'::character varying])::text[])))"
CHECK CONSTRAINT,public,chk_trip_fares_total ON trip_fares,postgres,Check: CHECK (((total_fare >= base_fare) AND (base_fare >= 0.00)))
CHECK CONSTRAINT,public,chk_trip_stops_sched ON trip_stops,postgres,Check: CHECK ((scheduled_departure_at >= scheduled_arrival_at))
CHECK CONSTRAINT,public,chk_trip_stops_status ON trip_stops,postgres,"Check: CHECK (((status)::text = ANY ((ARRAY['PENDING'::character varying, 'ARRIVED'::character varying, 'DEPARTED'::character varying, 'SKIPPED'::character varying])::text[])))"
CHECK CONSTRAINT,public,chk_trips_diff_drivers ON trips,postgres,Check: CHECK (((primary_driver_id IS NULL) OR (secondary_driver_id IS NULL) OR (primary_driver_id <> secondary_driver_id)))
CHECK CONSTRAINT,public,chk_trips_sched_times ON trips,postgres,Check: CHECK ((scheduled_arrival_at > scheduled_departure_at))
CHECK CONSTRAINT,public,chk_trips_status ON trips,postgres,"Check: CHECK (((status)::text = ANY ((ARRAY['SCHEDULED'::character varying, 'BOARDING'::character varying, 'DEPARTED'::character varying, 'IN_TRANSIT'::character varying, 'DELAYED'::character varying, 'ARRIVED'::character varying, 'COMPLETED'::character varying, 'CANCELLED'::character varying, 'SUSPENDED'::character varying])::text[])))"
CHECK CONSTRAINT,public,chk_user_addresses_lat ON user_addresses,postgres,Check: CHECK (((latitude IS NULL) OR ((latitude >= '-90.0'::numeric) AND (latitude <= 90.0))))
CHECK CONSTRAINT,public,chk_user_addresses_lon ON user_addresses,postgres,Check: CHECK (((longitude IS NULL) OR ((longitude >= '-180.0'::numeric) AND (longitude <= 180.0))))
CHECK CONSTRAINT,public,chk_user_sessions_expiry ON user_sessions,postgres,Check: CHECK ((expires_at > created_at))
CHECK CONSTRAINT,public,chk_users_status ON users,postgres,"Check: CHECK (((status)::text = ANY ((ARRAY['PENDING'::character varying, 'ACTIVE'::character varying, 'SUSPENDED'::character varying, 'DEACTIVATED'::character varying])::text[])))"
CHECK CONSTRAINT,public,chk_vehicle_assign_status ON vehicle_assignments,postgres,"Check: CHECK (((status)::text = ANY ((ARRAY['SCHEDULED'::character varying, 'ACTIVE'::character varying, 'COMPLETED'::character varying, 'CANCELLED'::character varying])::text[])))"
CHECK CONSTRAINT,public,chk_vehicle_docs_dates ON vehicle_documents,postgres,Check: CHECK ((expiry_date >= issued_date))
CHECK CONSTRAINT,public,chk_vehicle_docs_status ON vehicle_documents,postgres,"Check: CHECK (((status)::text = ANY ((ARRAY['VALID'::character varying, 'EXPIRED'::character varying, 'PENDING_RENEWAL'::character varying])::text[])))"
CHECK CONSTRAINT,public,chk_veh_insp_items_status ON vehicle_inspection_items,postgres,"Check: CHECK (((result_status)::text = ANY ((ARRAY['PASS'::character varying, 'FAIL'::character varying, 'WARNING'::character varying, 'NA'::character varying])::text[])))"
CHECK CONSTRAINT,public,chk_vehicle_insp_status ON vehicle_inspections,postgres,"Check: CHECK (((status)::text = ANY ((ARRAY['PASSED'::character varying, 'FAILED'::character varying, 'NEEDS_REPAIR'::character varying])::text[])))"
CHECK CONSTRAINT,public,chk_vehicle_insp_type ON vehicle_inspections,postgres,"Check: CHECK (((inspection_type)::text = ANY ((ARRAY['PRE_TRIP'::character varying, 'POST_TRIP'::character varying, 'PERIODIC'::character varying, 'SAFETY_AUDIT'::character varying])::text[])))"
CHECK CONSTRAINT,public,chk_loc_hist_lat ON vehicle_location_history,postgres,Check: CHECK (((latitude >= '-90.0'::numeric) AND (latitude <= 90.0)))
CHECK CONSTRAINT,public,chk_loc_hist_lon ON vehicle_location_history,postgres,Check: CHECK (((longitude >= '-180.0'::numeric) AND (longitude <= 180.0)))
CHECK CONSTRAINT,public,chk_loc_hist_speed ON vehicle_location_history,postgres,Check: CHECK ((speed_kmh >= 0.00))
CHECK CONSTRAINT,public,chk_loc_hist_lat ON vehicle_location_history_default,postgres,Check: CHECK (((latitude >= '-90.0'::numeric) AND (latitude <= 90.0)))
CHECK CONSTRAINT,public,chk_loc_hist_lon ON vehicle_location_history_default,postgres,Check: CHECK (((longitude >= '-180.0'::numeric) AND (longitude <= 180.0)))
CHECK CONSTRAINT,public,chk_loc_hist_speed ON vehicle_location_history_default,postgres,Check: CHECK ((speed_kmh >= 0.00))
CHECK CONSTRAINT,public,chk_loc_hist_lat ON vehicle_location_history_y2026m09,postgres,Check: CHECK (((latitude >= '-90.0'::numeric) AND (latitude <= 90.0)))
CHECK CONSTRAINT,public,chk_loc_hist_lon ON vehicle_location_history_y2026m09,postgres,Check: CHECK (((longitude >= '-180.0'::numeric) AND (longitude <= 180.0)))
CHECK CONSTRAINT,public,chk_loc_hist_speed ON vehicle_location_history_y2026m09,postgres,Check: CHECK ((speed_kmh >= 0.00))
CHECK CONSTRAINT,public,chk_loc_hist_lat ON vehicle_location_history_y2026m10,postgres,Check: CHECK (((latitude >= '-90.0'::numeric) AND (latitude <= 90.0)))
CHECK CONSTRAINT,public,chk_loc_hist_lon ON vehicle_location_history_y2026m10,postgres,Check: CHECK (((longitude >= '-180.0'::numeric) AND (longitude <= 180.0)))
CHECK CONSTRAINT,public,chk_loc_hist_speed ON vehicle_location_history_y2026m10,postgres,Check: CHECK ((speed_kmh >= 0.00))
CHECK CONSTRAINT,public,chk_loc_hist_lat ON vehicle_location_history_y2026m11,postgres,Check: CHECK (((latitude >= '-90.0'::numeric) AND (latitude <= 90.0)))
CHECK CONSTRAINT,public,chk_loc_hist_lon ON vehicle_location_history_y2026m11,postgres,Check: CHECK (((longitude >= '-180.0'::numeric) AND (longitude <= 180.0)))
CHECK CONSTRAINT,public,chk_loc_hist_speed ON vehicle_location_history_y2026m11,postgres,Check: CHECK ((speed_kmh >= 0.00))
CHECK CONSTRAINT,public,chk_vehicle_models_cap ON vehicle_models,postgres,Check: CHECK ((default_capacity > 0))
CHECK CONSTRAINT,public,chk_vehicle_types_mult ON vehicle_types,postgres,Check: CHECK ((default_fare_multiplier >= 0.50))
CHECK CONSTRAINT,public,chk_vehicles_cap ON vehicles,postgres,Check: CHECK ((capacity = (seat_capacity + standing_capacity)))
CHECK CONSTRAINT,public,chk_vehicles_fuel ON vehicles,postgres,"Check: CHECK (((fuel_type)::text = ANY ((ARRAY['DIESEL'::character varying, 'ELECTRIC'::character varying, 'CNG'::character varying, 'HYBRID'::character varying])::text[])))"
CHECK CONSTRAINT,public,chk_vehicles_lat ON vehicles,postgres,Check: CHECK (((current_latitude IS NULL) OR ((current_latitude >= '-90.0'::numeric) AND (current_latitude <= 90.0))))
CHECK CONSTRAINT,public,chk_vehicles_lon ON vehicles,postgres,Check: CHECK (((current_longitude IS NULL) OR ((current_longitude >= '-180.0'::numeric) AND (current_longitude <= 180.0))))
CHECK CONSTRAINT,public,chk_vehicles_status ON vehicles,postgres,"Check: CHECK (((status)::text = ANY ((ARRAY['ACTIVE'::character varying, 'MAINTENANCE'::character varying, 'DECOMMISSIONED'::character varying, 'RESERVED'::character varying])::text[])))"
EXTENSION,public,btree_gist,postgres,Version 1.7
EXTENSION,public,citext,postgres,Version 1.6
EXTENSION,public,pgcrypto,postgres,Version 1.3
EXTENSION,pg_catalog,plpgsql,postgres,Version 1.0
